-- MySQL dump 10.13  Distrib 8.0.26, for macos11 (x86_64)
--
-- Host: 127.0.0.1    Database: projectecom
-- ------------------------------------------------------
-- Server version	8.0.26

/*!40101 SET @OLD_CHARACTER_SET_CLIENT=@@CHARACTER_SET_CLIENT */;
/*!40101 SET @OLD_CHARACTER_SET_RESULTS=@@CHARACTER_SET_RESULTS */;
/*!40101 SET @OLD_COLLATION_CONNECTION=@@COLLATION_CONNECTION */;
/*!50503 SET NAMES utf8 */;
/*!40103 SET @OLD_TIME_ZONE=@@TIME_ZONE */;
/*!40103 SET TIME_ZONE='+00:00' */;
/*!40014 SET @OLD_UNIQUE_CHECKS=@@UNIQUE_CHECKS, UNIQUE_CHECKS=0 */;
/*!40014 SET @OLD_FOREIGN_KEY_CHECKS=@@FOREIGN_KEY_CHECKS, FOREIGN_KEY_CHECKS=0 */;
/*!40101 SET @OLD_SQL_MODE=@@SQL_MODE, SQL_MODE='NO_AUTO_VALUE_ON_ZERO' */;
/*!40111 SET @OLD_SQL_NOTES=@@SQL_NOTES, SQL_NOTES=0 */;

--
-- Table structure for table `Billing`
--

DROP TABLE IF EXISTS `Billing`;
/*!40101 SET @saved_cs_client     = @@character_set_client */;
/*!50503 SET character_set_client = utf8mb4 */;
CREATE TABLE `Billing` (
  `TransactionID` int unsigned NOT NULL AUTO_INCREMENT,
  `OrderID` int unsigned NOT NULL,
  `PaymentMode` varchar(45) NOT NULL,
  PRIMARY KEY (`TransactionID`),
  KEY `OrderID` (`OrderID`),
  CONSTRAINT `billing_ibfk_1` FOREIGN KEY (`OrderID`) REFERENCES `Order` (`OrderID`) ON DELETE CASCADE ON UPDATE CASCADE
) ENGINE=InnoDB AUTO_INCREMENT=191 DEFAULT CHARSET=utf8mb4 COLLATE=utf8mb4_0900_ai_ci;
/*!40101 SET character_set_client = @saved_cs_client */;

--
-- Dumping data for table `Billing`
--

LOCK TABLES `Billing` WRITE;
/*!40000 ALTER TABLE `Billing` DISABLE KEYS */;
INSERT INTO `Billing` VALUES (1,1,'COD'),(2,2,'Debit Card'),(3,3,'Wallet'),(4,4,'Wallet'),(5,5,'Credit Card'),(6,6,'COD'),(7,7,'Wallet'),(8,8,'Wallet'),(9,9,'Wallet'),(10,10,'Netbanking'),(11,11,'Netbanking'),(12,12,'Wallet'),(13,13,'Wallet'),(14,14,'Debit Card'),(15,15,'COD'),(16,16,'Debit Card'),(17,17,'Debit Card'),(18,18,'COD'),(19,19,'COD'),(20,20,'COD'),(21,21,'Wallet'),(22,22,'Wallet'),(23,23,'Debit Card'),(24,24,'Credit Card'),(25,25,'Wallet'),(26,26,'Netbanking'),(27,27,'Debit Card'),(28,28,'Credit Card'),(29,29,'Credit Card'),(30,30,'Credit Card'),(31,31,'Netbanking'),(32,32,'Wallet'),(33,33,'Wallet'),(34,34,'Netbanking'),(35,35,'Netbanking'),(36,36,'Netbanking'),(37,37,'Wallet'),(38,38,'COD'),(39,39,'COD'),(40,40,'COD'),(41,41,'Wallet'),(42,42,'Wallet'),(43,43,'Netbanking'),(44,44,'Netbanking'),(45,45,'Credit Card'),(46,46,'Wallet'),(47,47,'Netbanking'),(48,48,'Debit Card'),(49,49,'Wallet'),(50,50,'Credit Card'),(51,51,'Credit Card'),(52,52,'COD'),(53,53,'Netbanking'),(54,54,'Wallet'),(55,55,'COD'),(56,56,'Credit Card'),(57,57,'Netbanking'),(58,58,'COD'),(59,59,'COD'),(60,60,'Credit Card'),(61,61,'Credit Card'),(62,62,'Wallet'),(63,63,'Wallet'),(64,64,'COD'),(65,65,'COD'),(66,66,'Debit Card'),(67,67,'Wallet'),(68,68,'Wallet'),(69,69,'Debit Card'),(70,70,'Credit Card'),(71,71,'Credit Card'),(72,72,'Debit Card'),(73,73,'Wallet'),(74,74,'Netbanking'),(75,75,'Wallet'),(76,76,'Credit Card'),(77,77,'Credit Card'),(78,78,'COD'),(79,79,'COD'),(80,80,'COD'),(81,81,'Debit Card'),(82,82,'Wallet'),(83,83,'Wallet'),(84,84,'Debit Card'),(85,85,'Wallet'),(86,86,'Credit Card'),(87,87,'Netbanking'),(88,88,'Credit Card'),(89,89,'COD'),(90,90,'Wallet'),(91,91,'Netbanking'),(92,92,'Wallet'),(93,93,'Wallet'),(94,94,'Credit Card'),(95,95,'COD'),(96,96,'Debit Card'),(97,97,'Wallet'),(98,98,'Debit Card'),(99,99,'Wallet'),(100,100,'Credit Card'),(101,101,'Debit Card'),(102,102,'Wallet'),(103,103,'COD'),(104,104,'Credit Card'),(105,105,'Credit Card'),(106,106,'Credit Card'),(107,107,'COD'),(108,108,'Debit Card'),(109,109,'Debit Card'),(110,110,'Credit Card'),(111,111,'COD'),(112,112,'Wallet'),(113,113,'COD'),(114,114,'Credit Card'),(115,115,'Netbanking'),(116,116,'Credit Card'),(117,117,'Wallet'),(118,118,'Wallet'),(119,119,'Wallet'),(120,120,'Credit Card'),(121,121,'Debit Card'),(122,122,'Wallet'),(123,123,'Credit Card'),(124,124,'COD'),(125,125,'Wallet'),(126,126,'Wallet'),(127,127,'Debit Card'),(128,128,'COD'),(129,129,'Credit Card'),(130,130,'Credit Card'),(131,131,'Wallet'),(132,132,'COD'),(133,133,'Credit Card'),(134,134,'Netbanking'),(135,135,'Credit Card'),(136,136,'Credit Card'),(137,137,'COD'),(138,138,'Wallet'),(139,139,'Debit Card'),(140,140,'Debit Card'),(141,141,'Netbanking'),(142,142,'Netbanking'),(143,143,'Netbanking'),(144,144,'Debit Card'),(145,145,'Wallet'),(146,146,'COD'),(147,147,'COD'),(148,148,'Credit Card'),(149,149,'Credit Card'),(150,150,'Credit Card'),(151,151,'Credit Card'),(152,152,'Credit Card'),(153,153,'Credit Card'),(154,154,'Wallet'),(155,155,'Debit Card'),(156,156,'COD'),(157,157,'Netbanking'),(158,158,'Credit Card'),(159,159,'Netbanking'),(160,160,'Debit Card'),(161,161,'Netbanking'),(162,162,'COD'),(163,163,'Wallet'),(164,164,'Wallet'),(165,165,'COD'),(166,166,'Netbanking'),(167,167,'Wallet'),(168,168,'Debit Card'),(169,169,'Wallet'),(170,170,'Wallet'),(171,171,'Debit Card'),(172,172,'Debit Card'),(173,173,'Debit Card'),(174,174,'Netbanking'),(175,175,'Debit Card'),(176,176,'Netbanking'),(177,177,'Debit Card'),(178,178,'Netbanking'),(179,179,'COD'),(180,180,'Netbanking'),(181,181,'Wallet'),(182,182,'Netbanking'),(183,183,'Netbanking'),(184,184,'Wallet'),(185,185,'Netbanking'),(186,186,'Netbanking'),(187,187,'COD'),(188,188,'Credit Card'),(189,189,'Wallet'),(190,190,'Wallet');
/*!40000 ALTER TABLE `Billing` ENABLE KEYS */;
UNLOCK TABLES;

--
-- Table structure for table `Cart`
--

DROP TABLE IF EXISTS `Cart`;
/*!40101 SET @saved_cs_client     = @@character_set_client */;
/*!50503 SET character_set_client = utf8mb4 */;
CREATE TABLE `Cart` (
  `CustomerID` int unsigned NOT NULL,
  `ProductID` varchar(20) NOT NULL,
  PRIMARY KEY (`CustomerID`,`ProductID`),
  KEY `ProductID_idx` (`ProductID`),
  CONSTRAINT `cart_ibfk_1` FOREIGN KEY (`CustomerID`) REFERENCES `Customer` (`CustomerID`) ON DELETE CASCADE ON UPDATE CASCADE,
  CONSTRAINT `cart_ibfk_2` FOREIGN KEY (`ProductID`) REFERENCES `catalogue` (`ProductID`) ON DELETE CASCADE ON UPDATE CASCADE
) ENGINE=InnoDB DEFAULT CHARSET=utf8mb4 COLLATE=utf8mb4_0900_ai_ci;
/*!40101 SET character_set_client = @saved_cs_client */;

--
-- Dumping data for table `Cart`
--

LOCK TABLES `Cart` WRITE;
/*!40000 ALTER TABLE `Cart` DISABLE KEYS */;
INSERT INTO `Cart` VALUES (58,'Bag 1'),(98,'Bag 1'),(126,'Bag 1'),(163,'Bag 1'),(295,'Bag 1'),(305,'Bag 1'),(331,'Bag 1'),(356,'Bag 1'),(374,'Bag 1'),(414,'Bag 1'),(420,'Bag 1'),(503,'Bag 1'),(533,'Bag 1'),(571,'Bag 1'),(584,'Bag 1'),(714,'Bag 1'),(735,'Bag 1'),(757,'Bag 1'),(817,'Bag 1'),(820,'Bag 1'),(822,'Bag 1'),(835,'Bag 1'),(864,'Bag 1'),(867,'Bag 1'),(905,'Bag 1'),(916,'Bag 1'),(919,'Bag 1'),(970,'Bag 1'),(983,'Bag 1'),(17,'Bag 2'),(51,'Bag 2'),(58,'Bag 2'),(221,'Bag 2'),(261,'Bag 2'),(292,'Bag 2'),(295,'Bag 2'),(308,'Bag 2'),(337,'Bag 2'),(342,'Bag 2'),(369,'Bag 2'),(374,'Bag 2'),(393,'Bag 2'),(414,'Bag 2'),(433,'Bag 2'),(455,'Bag 2'),(470,'Bag 2'),(475,'Bag 2'),(482,'Bag 2'),(513,'Bag 2'),(571,'Bag 2'),(657,'Bag 2'),(699,'Bag 2'),(700,'Bag 2'),(788,'Bag 2'),(846,'Bag 2'),(882,'Bag 2'),(883,'Bag 2'),(111,'Bag 3'),(138,'Bag 3'),(177,'Bag 3'),(221,'Bag 3'),(244,'Bag 3'),(251,'Bag 3'),(386,'Bag 3'),(430,'Bag 3'),(474,'Bag 3'),(593,'Bag 3'),(611,'Bag 3'),(622,'Bag 3'),(631,'Bag 3'),(644,'Bag 3'),(653,'Bag 3'),(691,'Bag 3'),(784,'Bag 3'),(801,'Bag 3'),(816,'Bag 3'),(834,'Bag 3'),(839,'Bag 3'),(846,'Bag 3'),(956,'Bag 3'),(987,'Bag 3'),(990,'Bag 3'),(16,'Bag 4'),(83,'Bag 4'),(117,'Bag 4'),(123,'Bag 4'),(147,'Bag 4'),(277,'Bag 4'),(301,'Bag 4'),(375,'Bag 4'),(398,'Bag 4'),(413,'Bag 4'),(491,'Bag 4'),(557,'Bag 4'),(564,'Bag 4'),(575,'Bag 4'),(593,'Bag 4'),(631,'Bag 4'),(725,'Bag 4'),(744,'Bag 4'),(770,'Bag 4'),(792,'Bag 4'),(810,'Bag 4'),(812,'Bag 4'),(834,'Bag 4'),(844,'Bag 4'),(845,'Bag 4'),(900,'Bag 4'),(924,'Bag 4'),(5,'Bag 5'),(47,'Bag 5'),(83,'Bag 5'),(108,'Bag 5'),(110,'Bag 5'),(220,'Bag 5'),(235,'Bag 5'),(287,'Bag 5'),(338,'Bag 5'),(348,'Bag 5'),(385,'Bag 5'),(407,'Bag 5'),(437,'Bag 5'),(565,'Bag 5'),(628,'Bag 5'),(632,'Bag 5'),(639,'Bag 5'),(674,'Bag 5'),(677,'Bag 5'),(717,'Bag 5'),(744,'Bag 5'),(805,'Bag 5'),(812,'Bag 5'),(101,'Bag 6'),(155,'Bag 6'),(220,'Bag 6'),(254,'Bag 6'),(260,'Bag 6'),(287,'Bag 6'),(310,'Bag 6'),(322,'Bag 6'),(324,'Bag 6'),(385,'Bag 6'),(434,'Bag 6'),(437,'Bag 6'),(444,'Bag 6'),(458,'Bag 6'),(467,'Bag 6'),(514,'Bag 6'),(542,'Bag 6'),(577,'Bag 6'),(587,'Bag 6'),(595,'Bag 6'),(627,'Bag 6'),(628,'Bag 6'),(674,'Bag 6'),(811,'Bag 6'),(946,'Bag 6'),(155,'Bag 7'),(434,'Bag 7'),(444,'Bag 7');
/*!40000 ALTER TABLE `Cart` ENABLE KEYS */;
UNLOCK TABLES;

--
-- Table structure for table `catalogue`
--

DROP TABLE IF EXISTS `catalogue`;
/*!40101 SET @saved_cs_client     = @@character_set_client */;
/*!50503 SET character_set_client = utf8mb4 */;
CREATE TABLE `catalogue` (
  `ProductID` varchar(20) NOT NULL,
  `ProductName` varchar(45) DEFAULT NULL,
  `ProductType` varchar(45) DEFAULT NULL,
  `CostPrice` int DEFAULT NULL,
  `SellingPrice` int DEFAULT NULL,
  `Color` varchar(20) DEFAULT NULL,
  PRIMARY KEY (`ProductID`)
) ENGINE=InnoDB DEFAULT CHARSET=utf8mb4 COLLATE=utf8mb4_0900_ai_ci;
/*!40101 SET character_set_client = @saved_cs_client */;

--
-- Dumping data for table `catalogue`
--

LOCK TABLES `catalogue` WRITE;
/*!40000 ALTER TABLE `catalogue` DISABLE KEYS */;
INSERT INTO `catalogue` VALUES ('Bag 1','Blush Tote','Tote',10,35,'Pink'),('Bag 10','Green Backpack','Backpack',15,60,'Green'),('Bag 11','Green Clutch','Clutch',15,50,'Green'),('Bag 12','Pink Clutch','Clutch',15,50,'Pink'),('Bag 13','Leopard Clutch','Clutch',15,50,'Brown'),('Bag 14','Brown Sling','Sling Bag',15,50,'Brown'),('Bag 2','Yellow Backpack','Backpack',15,60,'Yellow'),('Bag 3','Orange Shoulder Bag','Shoulder Bag',20,75,'Orange'),('Bag 4','Sand Sling Bag','Sling Bag',15,50,'Brown'),('Bag 5','Powder Pink Sling','Sling Bag',15,50,'Pink'),('Bag 6','Brown Shoulder Bag','Shoulder Bag',20,75,'Brown'),('Bag 7','Sand Backpack','Backpack',15,60,'Brown'),('Bag 8','White Green Sling','Sling Bag',15,50,'White'),('Bag 9','Sand Sling','Sling Bag',15,50,'Brown');
/*!40000 ALTER TABLE `catalogue` ENABLE KEYS */;
UNLOCK TABLES;

--
-- Table structure for table `Customer`
--

DROP TABLE IF EXISTS `Customer`;
/*!40101 SET @saved_cs_client     = @@character_set_client */;
/*!50503 SET character_set_client = utf8mb4 */;
CREATE TABLE `Customer` (
  `CustomerID` int unsigned NOT NULL AUTO_INCREMENT,
  `Name` varchar(45) NOT NULL,
  `Address` varchar(45) NOT NULL,
  `Email` varchar(45) CHARACTER SET utf8mb4 COLLATE utf8mb4_bin NOT NULL,
  `Mobile` varchar(12) NOT NULL,
  `Password` varchar(45) NOT NULL,
  PRIMARY KEY (`CustomerID`),
  UNIQUE KEY `Mobile_UNIQUE` (`Mobile`),
  UNIQUE KEY `Email_UNIQUE` (`Email`),
  KEY `CustomerID` (`CustomerID`) USING BTREE
) ENGINE=InnoDB AUTO_INCREMENT=1001 DEFAULT CHARSET=utf8mb4 COLLATE=utf8mb4_0900_ai_ci;
/*!40101 SET character_set_client = @saved_cs_client */;

--
-- Dumping data for table `Customer`
--

LOCK TABLES `Customer` WRITE;
/*!40000 ALTER TABLE `Customer` DISABLE KEYS */;
INSERT INTO `Customer` VALUES (2,'Robb Bradock','6 Ronald Regan Hill','rbradock1@apple.com','432-295-4832','8g7ogSWrTib'),(3,'Suzanne Kayley','8751 Moland Park','skayley2@sourceforge.net','721-129-2511','cY642R2ydP1'),(4,'Humberto Harkins','4 Golf Court','hharkins3@chicagotribune.com','732-404-2762','0xS9VelEXPIC'),(5,'Joanna Cullotey','1755 Messerschmidt Point','jcullotey4@dmoz.org','971-489-2083','divrLPw4r4F2'),(6,'Isabelle Rider','32 Aberg Hill','irider5@tinyurl.com','613-915-7949','ta5ccHzNLLIO'),(7,'Kathryn Rummery','2 Coleman Way','krummery6@nhs.uk','245-347-8282','Iwn3fNSPsnU'),(8,'Celeste Thorbon','9899 Londonderry Crossing','cthorbon7@nydailynews.com','734-485-4630','mForUAHX'),(9,'Riccardo Botly','36 Bluestem Lane','rbotly8@netscape.com','931-443-8237','tSolUrq2A'),(10,'Roze Marchand','59 Kennedy Place','rmarchand9@hugedomains.com','746-777-2531','kEicYIJQ1AlL'),(11,'Hew Bull','8 Sundown Road','hbulla@pagesperso-orange.fr','123-395-6268','drfKSK3'),(12,'Deny Gatherell','3 Westport Circle','dgatherellb@usgs.gov','285-172-4291','MqyA58'),(13,'Tiphany Iseton','07879 Ridgeway Alley','tisetonc@ehow.com','903-793-2198','QqDDmdswt'),(14,'Norene Greim','540 Waywood Place','ngreimd@home.pl','438-897-5808','2hJqca'),(15,'Pauletta McChesney','09 Warbler Place','pmcchesneye@jimdo.com','145-359-5754','Q2oHr0'),(16,'Ellette Dubbin','7 Browning Lane','edubbinf@indiatimes.com','703-903-2073','rdq4pw'),(17,'Maury Prevost','82021 Brentwood Lane','mprevostg@wunderground.com','364-864-1094','A2w0r9gSD4'),(18,'Chiquia Gransden','5779 Vidon Park','cgransdenh@smh.com.au','232-864-5321','zw0OY7CW52c'),(19,'Delora O\'Rourke','303 Drewry Crossing','dorourkei@delicious.com','715-731-8871','igfxtVxYaVbc'),(20,'Francklyn Siuda','6622 Gerald Circle','fsiudaj@dmoz.org','898-762-6293','5fS37V'),(21,'Mercy Kingsman','81910 American Ash Alley','mkingsmank@ftc.gov','169-807-9399','VTrfeuS'),(22,'Loy Dykes','2644 Bartillon Place','ldykesl@theguardian.com','380-156-5487','sDLA4KzZ'),(23,'Cory Shave','04 Hoffman Park','cshavem@vinaora.com','731-517-8042','ACiXlb'),(24,'Keen Turri','922 Del Mar Way','kturrin@linkedin.com','429-759-3646','uomsIN6M'),(25,'Gerri Pentecust','01023 Towne Trail','gpentecusto@xing.com','697-905-1841','VHDELLjJymQ'),(26,'Tawnya Arlett','9819 Village Green Place','tarlettp@vk.com','160-675-3895','waltszZDp'),(27,'Serena Pellamonuten','740 Magdeline Place','spellamonutenq@cnet.com','858-835-6676','adxs4T9'),(28,'Wendy Openshaw','42275 Brown Center','wopenshawr@sun.com','815-421-2106','kJnnGydmfVL'),(29,'Erika Osorio','419 Waywood Hill','eosorios@oracle.com','445-140-6894','s6kaRbhTGpL'),(30,'Celinda Pedrollo','38830 Boyd Hill','cpedrollot@jugem.jp','152-614-4761','SSQlE3'),(31,'Kerrie Whitewood','2 Arizona Way','kwhitewoodu@dell.com','183-434-0597','7kwf3zmI61QK'),(32,'Ernie Verdon','3 Ridgeview Center','everdonv@newyorker.com','323-747-0957','ABWaWitQCvW'),(33,'Shurlocke Worg','19275 Gerald Court','sworgw@baidu.com','739-947-0566','dpZmqKmXPuw'),(34,'Ring Presslie','34 Meadow Ridge Hill','rpressliex@uiuc.edu','132-280-7221','C9io91Yrc'),(35,'Ashlin Beartup','90734 Chinook Hill','abeartupy@tuttocitta.it','653-854-8730','Pzo8IetFJJkf'),(36,'Eal Moreman','0384 7th Court','emoremanz@weebly.com','542-519-4494','31PaESa'),(37,'Esme Jewitt','1 Gateway Hill','ejewitt10@ucla.edu','936-800-4623','NoaSE6B29RL'),(38,'Elisabetta Largen','340 Sunnyside Plaza','elargen11@furl.net','655-289-3675','u4QAEMK7y'),(39,'Zarah Ambrogetti','96807 Huxley Park','zambrogetti12@nps.gov','871-563-1210','RO3FvZFQ'),(40,'Lenette Lambole','10528 Bultman Parkway','llambole13@pinterest.com','362-773-1829','KAuu6AE'),(41,'Valeda Bigly','5136 Menomonie Terrace','vbigly14@clickbank.net','996-476-6213','sFRXqD'),(42,'Imelda Marchington','74879 Del Sol Alley','imarchington15@surveymonkey.com','585-700-7288','HwxP225'),(43,'Elvin Jemison','84970 Marcy Hill','ejemison16@redcross.org','368-698-5296','e5n1EJf'),(44,'Nerissa O\'Roan','9 Lillian Hill','noroan17@gmpg.org','129-257-9322','BqUvApV'),(45,'Stephannie Sutherley','358 Gerald Lane','ssutherley18@nytimes.com','540-525-5791','knAmm9S'),(46,'Danny Lindborg','36494 Maryland Point','dlindborg19@sitemeter.com','253-438-0282','jnviQBN'),(47,'Hurleigh Padgett','3518 Waxwing Plaza','hpadgett1a@gizmodo.com','313-900-9094','yTWkZIs8'),(48,'Lorna Pettett','761 Tony Drive','lpettett1b@gizmodo.com','679-714-5825','x1HqAg'),(49,'Gerti Melloy','441 Derek Alley','gmelloy1c@telegraph.co.uk','580-706-3202','DKY0OEQI'),(50,'Caril Pipkin','480 Springs Trail','cpipkin1d@weebly.com','330-336-3590','aOvawXhIwNz'),(51,'Scot Frail','53 Namekagon Crossing','sfrail1e@shinystat.com','968-429-2238','Yz7jke'),(52,'Gino Toller','65558 Loeprich Point','gtoller1f@economist.com','609-160-7194','9YuSmH'),(53,'Cornie Rowlinson','18040 Prentice Drive','crowlinson1g@tiny.cc','747-776-6876','59QRHC'),(54,'Mace Riceards','0591 Hagan Trail','mriceards1h@nps.gov','101-465-3644','FjCADYkTae'),(55,'Glennie Gorrie','2964 Cardinal Plaza','ggorrie1i@networkadvertising.org','263-760-8905','GhuewS'),(56,'Izabel Busen','48962 Comanche Way','ibusen1j@cyberchimps.com','585-494-1501','SiQeKMMK4'),(57,'Devondra Hateley','5 Sundown Hill','dhateley1k@wisc.edu','316-617-9848','SgrWf2xh5N'),(58,'Worthington Rickeard','90554 Dapin Plaza','wrickeard1l@dell.com','294-298-7541','PS7CL3GTwu'),(59,'Esme Scorah','1748 Londonderry Alley','escorah1m@cdc.gov','641-327-4073','gpTDhhSn'),(60,'Jakob Graysmark','74 Nevada Court','jgraysmark1n@nyu.edu','266-539-9820','W3Eb3Nju'),(61,'Ossie Hagart','8 Almo Circle','ohagart1o@php.net','106-890-0353','CDNIw8Vgi'),(62,'Barny Borrell','6146 Bayside Way','bborrell1p@nytimes.com','303-725-4919','vOywmH'),(63,'Odelinda Caldow','14576 Schmedeman Court','ocaldow1q@ucoz.com','608-197-7352','E9soAy6Rjna'),(64,'Roanne Pottie','98979 Arkansas Point','rpottie1r@slashdot.org','718-841-4803','BQXEaR9m9'),(65,'Eddy Danslow','80848 Jenna Crossing','edanslow1s@topsy.com','232-130-3340','Sm2pe5DDD4'),(66,'Whitby Louder','1 Judy Plaza','wlouder1t@hexun.com','194-532-0094','UHXvDiqd'),(67,'Garry Gibbs','25459 Kedzie Hill','ggibbs1u@uol.com.br','517-661-0880','GV4oFtA'),(68,'Bernard Grinin','14615 Holy Cross Pass','bgrinin1v@lycos.com','617-102-6295','4wCWPzW'),(69,'Eric Rookes','3 Thompson Drive','erookes1w@washington.edu','591-650-6362','AdDZpciSt3'),(70,'Fulton Fullman','656 Southridge Alley','ffullman1x@clickbank.net','680-558-1844','6ay18Z'),(71,'Lock Askey','72031 Erie Crossing','laskey1y@meetup.com','135-984-5166','6H4A3vNKi3'),(72,'Klaus Carnier','4385 Jay Lane','kcarnier1z@disqus.com','215-596-6965','0y2VskO'),(73,'Sam Ibert','72467 Blue Bill Park Pass','sibert20@prnewswire.com','752-497-1734','Cbkalh2ME'),(74,'Glynnis Simonyi','35160 Ilene Park','gsimonyi21@slate.com','846-817-8150','mqjhG5Ga'),(75,'Jervis McNaught','11 Kim Trail','jmcnaught22@over-blog.com','931-226-2874','4MSLWBShA'),(76,'Trude Chimienti','156 Southridge Avenue','tchimienti23@mysql.com','179-893-5111','q6J9iNWOeG'),(77,'Zedekiah Norcott','0311 Mariners Cove Drive','znorcott24@clickbank.net','433-303-7830','TvJlSc2'),(78,'Marlie Labb','9 Rutledge Pass','mlabb25@rakuten.co.jp','740-327-5384','sjPjWY7e9Gl'),(79,'Caria Sodory','9541 Lunder Street','csodory26@hhs.gov','846-480-2744','Pcazqqg'),(80,'Othella Mineghelli','2129 Butterfield Crossing','omineghelli27@vistaprint.com','925-872-4890','EtKk57WmK'),(81,'Johnna Gorrissen','479 La Follette Drive','jgorrissen28@biglobe.ne.jp','848-836-4444','i0GARadJM'),(82,'Linn Linscott','71161 Ilene Junction','llinscott29@twitter.com','513-927-5436','jMWZ9KjdScxd'),(83,'Chiquita Giamuzzo','577 Bashford Hill','cgiamuzzo2a@wordpress.org','712-819-7242','jGdwAuv9nnoo'),(84,'Quillan Rodda','07734 Sauthoff Park','qrodda2b@mozilla.com','161-849-7590','ty812a'),(85,'Deane Baszkiewicz','6402 Alpine Road','dbaszkiewicz2c@cam.ac.uk','935-377-6856','Ei7qGB3t3'),(86,'Delmor Mishaw','67 Blackbird Lane','dmishaw2d@vk.com','700-335-1506','0t2rOToWVT'),(87,'Kaile Casewell','9 Huxley Crossing','kcasewell2e@google.com.hk','873-564-9436','wyAxflqM'),(88,'Field Sykora','61886 Goodland Place','fsykora2f@t-online.de','995-276-5910','wd3TrHoTdDcl'),(89,'Anallise Booth','3 Mayer Junction','abooth2g@lulu.com','340-996-1405','RYH9WrIN4qG'),(90,'Wolf Heifer','577 Melody Terrace','wheifer2h@nps.gov','671-477-4445','G9iNuwAS3'),(91,'Lorene Matonin','37 Lotheville Drive','lmatonin2i@marketwatch.com','948-533-6512','bINOM7zpxg'),(92,'Floyd D\'Costa','870 Oakridge Court','fdcosta2j@scientificamerican.com','318-790-7534','FAGQYLJ4MDs'),(93,'Kelvin Postlethwaite','28 Dixon Crossing','kpostlethwaite2k@lulu.com','652-733-2992','VfX87QIzXe'),(94,'Tova Dorman','97893 Ramsey Park','tdorman2l@cargocollective.com','517-171-9409','slUqJrqs'),(95,'Amalie Ortas','301 Cottonwood Park','aortas2m@alibaba.com','280-252-0173','ywxWwde'),(96,'Meredith Asel','13 Shelley Road','masel2n@shop-pro.jp','952-351-7491','t69VnEB'),(97,'Sammy End','47966 Surrey Pass','send2o@phpbb.com','343-776-6326','zqNcZSLX6'),(98,'Winthrop Uren','0 Lakewood Gardens Drive','wuren2p@reverbnation.com','524-993-7902','y5fRqxvzW'),(99,'Corny Viney','69140 2nd Center','cviney2q@house.gov','297-327-0667','0gquv37pmIgD'),(100,'Raphael Berfoot','8121 Colorado Terrace','rberfoot2r@cdbaby.com','179-498-9863','aY5zKF9M'),(101,'Gavrielle Simakov','3 Drewry Point','gsimakov2s@posterous.com','194-477-9009','7Dp7taRTt'),(102,'Marne D\'Souza','4657 Di Loreto Junction','mdsouza2t@moonfruit.com','115-815-6329','jx4u4nX1'),(103,'Amalie Gorman','48863 Springs Junction','agorman2u@google.de','713-180-2694','gIEyzv1'),(104,'Vail Redd','1 Coolidge Junction','vredd2v@home.pl','481-567-3546','YGkndPs2'),(105,'Egan Frisby','40939 Beilfuss Parkway','efrisby2w@123-reg.co.uk','574-857-8632','2Pc5G6LcWINU'),(106,'Dierdre Baccas','2 Riverside Junction','dbaccas2x@privacy.gov.au','414-639-2981','8GziY9bf'),(107,'Mauricio De Gogay','1717 Colorado Hill','mde2y@biglobe.ne.jp','409-173-4916','apn4jTFJvB'),(108,'Donica Stallworth','814 Chive Way','dstallworth2z@zdnet.com','870-906-0944','ICIpX4sI'),(109,'Olenka McClurg','4 Logan Pass','omcclurg30@apache.org','190-452-0716','4t56u9bN'),(110,'Perice Hindmore','7061 Dorton Junction','phindmore31@usnews.com','629-120-3466','uchX9DaMSVe'),(111,'Bernardina Srutton','12 Dakota Way','bsrutton32@dagondesign.com','803-243-6382','zCQfJ1GgI2Xg'),(112,'Christine Caseley','43879 Nova Terrace','ccaseley33@vk.com','616-549-6482','IYO74Y'),(113,'Seumas Noel','333 Ruskin Street','snoel34@netscape.com','869-966-3225','2BTCqzKTu2ai'),(114,'Daryl Rains','175 Loomis Pass','drains35@pinterest.com','748-357-0580','GcYAuTB8fg6f'),(115,'Casey Eyer','230 Talisman Hill','ceyer36@intel.com','849-837-1513','pTXJfG4j29'),(116,'Alic Guilbert','60 Gulseth Parkway','aguilbert37@telegraph.co.uk','997-955-3196','NEtMdVHrq'),(117,'Rafaelia Dollard','14205 Heath Hill','rdollard38@europa.eu','149-808-2463','UG6MT4'),(118,'Arch Theml','0 Fordem Street','atheml39@mac.com','223-639-5459','G3KI5lu'),(119,'Odelinda Michelle','976 Laurel Junction','omichelle3a@opensource.org','154-185-9643','xncRZRc'),(120,'Abbot Delmonti','5157 East Parkway','adelmonti3b@tuttocitta.it','385-545-5594','WKAGOTTUQ49'),(121,'Odille Laverenz','15209 Oak Trail','olaverenz3c@simplemachines.org','570-404-7222','KAie7gQjpj'),(122,'Elisha Abbyss','6821 Brentwood Alley','eabbyss3d@reverbnation.com','330-695-8140','IAyAp6I8UANb'),(123,'Taber Chadbourne','29285 Hanover Trail','tchadbourne3e@skyrock.com','180-195-9883','pN7NPZ'),(124,'Hogan Sharples','311 Southridge Way','hsharples3f@whitehouse.gov','836-835-1435','1ZsGWdOd17'),(125,'Lynne Creddon','663 Scoville Circle','lcreddon3g@blogspot.com','354-237-7436','PwPbYh2mz8t'),(126,'Heindrick Argent','64624 Alpine Park','hargent3h@linkedin.com','627-332-2476','9VML3dsgyp'),(127,'Rosanne Murr','47787 Mayfield Street','rmurr3i@who.int','547-523-9583','yOY8PCEcFOEl'),(128,'Coralyn Rosiello','1 Roxbury Lane','crosiello3j@rediff.com','828-205-7991','hBM2vrbla94U'),(129,'Royall Creeber','716 Northland Street','rcreeber3k@digg.com','655-302-8793','LBpb9ZYDRZ8'),(130,'Ignacio Loines','456 Hollow Ridge Court','iloines3l@wix.com','822-249-6409','qo91CgGSsq'),(131,'Odelinda Beneteau','72 Gale Hill','obeneteau3m@bizjournals.com','669-122-8868','wZGYDUyYYzhv'),(132,'Drusilla Liepina','328 Hansons Park','dliepina3n@unesco.org','349-172-6101','nWsH2wRaoR1'),(133,'Bamby McPolin','4220 Summer Ridge Hill','bmcpolin3o@cloudflare.com','752-135-3781','bE4KQOO'),(134,'Dawn Portinari','63 Bay Pass','dportinari3p@i2i.jp','183-232-4646','zIh0saQ'),(135,'Lanny Alywin','128 Hudson Lane','lalywin3q@census.gov','456-467-0680','Dwb1jBbf'),(136,'Archibold Fuentez','1 Prentice Avenue','afuentez3r@amazon.co.uk','589-121-1017','Cn3Efj'),(137,'Raddie Studders','5914 Nancy Court','rstudders3s@businessweek.com','366-170-2285','9UVKms'),(138,'Sibella McRuvie','225 Lakeland Street','smcruvie3t@bloomberg.com','344-274-4661','cjEe3r3o'),(139,'Constanta Dreamer','6 Delladonna Court','cdreamer3u@statcounter.com','611-400-6570','gszjeDXJNw2'),(140,'Brandy Candie','66 Del Mar Alley','bcandie3v@webnode.com','920-569-6199','G8o4Uke'),(141,'Elmore Spiby','6993 Messerschmidt Lane','espiby3w@upenn.edu','597-504-6080','cZpHnMcE1'),(142,'Willdon Cutajar','91684 Lerdahl Trail','wcutajar3x@oaic.gov.au','464-636-7169','cAnDBgzIsAvx'),(143,'Manuel Loadwick','1978 Bartelt Pass','mloadwick3y@businesswire.com','131-746-7545','lhHhFY'),(144,'Arni Beddo','2669 Dryden Court','abeddo3z@i2i.jp','857-196-1847','M40HatmVV'),(145,'Kathlin D\'Orsay','5 Pierstorff Way','kdorsay40@github.io','906-812-4422','dI1OSHChiv5f'),(146,'Kalle Tubbs','1704 Bartelt Road','ktubbs41@qq.com','625-445-9039','eJYzu8w'),(147,'Dan Thumann','149 Hoard Drive','dthumann42@wp.com','885-736-1722','wEDgNUZD'),(148,'Desi Timbrell','36 East Center','dtimbrell43@google.com.br','294-851-5952','pPzsDuPOTI'),(149,'Cammy Fischer','46444 Shopko Road','cfischer44@cloudflare.com','105-138-4314','sJ0KygMwng'),(150,'Paolina Oty','920 5th Way','poty45@xrea.com','159-183-2851','8TfKzup'),(151,'Marnie Lawrenz','978 Debs Park','mlawrenz46@slideshare.net','756-442-0897','EtBzfmbXknr'),(152,'Neville Crosston','9 Park Meadow Avenue','ncrosston47@pbs.org','238-170-4924','zjkye3'),(153,'Torrence Raimbauld','3909 Kenwood Plaza','traimbauld48@cam.ac.uk','161-664-3076','2S0U532tIM'),(154,'Tudor Dunridge','8 Superior Avenue','tdunridge49@cdbaby.com','209-509-2339','rlbm2JO'),(155,'Tarah Sheivels','865 Fairview Center','tsheivels4a@cocolog-nifty.com','685-454-6326','em93yD6udil1'),(156,'Theresita Fantone','05460 Toban Alley','tfantone4b@gov.uk','963-868-0673','d5rOLy'),(157,'Samuel Beddo','64573 Welch Terrace','sbeddo4c@sphinn.com','789-756-4562','4JN0KK'),(158,'Abe Trice','9886 Westridge Junction','atrice4d@google.com','214-613-3183','LehNke1'),(159,'Billy Trimming','9 Lake View Plaza','btrimming4e@bigcartel.com','145-759-1141','jl44Id'),(160,'Pren Langworthy','4537 7th Place','plangworthy4f@alexa.com','805-628-0981','Y3AQkl'),(161,'Christabella Brissard','42519 Corry Drive','cbrissard4g@privacy.gov.au','300-540-7906','8GRdtu'),(162,'Trixie Boardman','6856 Village Alley','tboardman4h@godaddy.com','793-465-6684','eYeSaOFsL5'),(163,'Zolly Ferreli','74062 Scofield Terrace','zferreli4i@bing.com','396-349-7301','1I4MPgjiX2Hk'),(164,'Callean Sisland','332 Kedzie Park','csisland4j@mysql.com','382-527-1749','h13s13Vo5b'),(165,'Britney Brunel','548 Petterle Court','bbrunel4k@zdnet.com','141-712-7459','J1JdQA'),(166,'Gusti Asplin','664 Corscot Crossing','gasplin4l@aol.com','148-735-4371','Fd9HrO'),(167,'Matty Withringten','12709 Warner Avenue','mwithringten4m@goodreads.com','509-986-5374','oc9frW'),(168,'Joni Peskett','529 Hermina Way','jpeskett4n@xinhuanet.com','792-701-7470','7MzH9RPCWcpz'),(169,'Linnie McSpirron','29 Loftsgordon Junction','lmcspirron4o@tumblr.com','695-604-1851','hEzouoDJe'),(170,'Dene Rudledge','9 3rd Road','drudledge4p@telegraph.co.uk','866-886-1928','WgsOgE'),(171,'Tova McClymont','7430 Brentwood Way','tmcclymont4q@freewebs.com','934-998-9289','VNH8yjlfIMl9'),(172,'Tully Stain','6202 Walton Way','tstain4r@illinois.edu','835-235-2665','2RgGRAuq'),(173,'Chev Copper','92517 Menomonie Avenue','ccopper4s@issuu.com','134-373-2421','0mNA4X'),(174,'Cleveland Targe','36644 Morrow Lane','ctarge4t@senate.gov','862-852-5036','7VPxM3GiryAR'),(175,'Issie Claeskens','755 Eagan Center','iclaeskens4u@g.co','945-495-9567','jvm74uLWju0'),(176,'Brooks Happer','77 Bellgrove Parkway','bhapper4v@soundcloud.com','193-469-1794','mM4dh9x'),(177,'Mal Olwen','414 Katie Court','molwen4w@instagram.com','628-345-2001','5IjqEYo'),(178,'Meggie Portch','99873 Tennessee Circle','mportch4x@canalblog.com','561-984-3088','BGGeNZWLomE4'),(179,'Lief Lerwell','73505 Morrow Hill','llerwell4y@unblog.fr','914-878-8426','bMEXuejkYk'),(180,'Ashley Ribbens','5747 Judy Trail','aribbens4z@studiopress.com','498-131-9174','B1AS2QS'),(181,'Rowney Henrichsen','96916 Magdeline Street','rhenrichsen50@uiuc.edu','161-951-3487','i9fvKsCwf'),(182,'Wilie D\'orsay','72 Linden Avenue','wdorsay51@elegantthemes.com','285-946-0482','e3JLjyppB'),(183,'Georgette Bocking','825 Stephen Drive','gbocking52@canalblog.com','749-707-6261','MXZhCXRB'),(184,'York Gleave','17976 Park Meadow Drive','ygleave53@reference.com','460-727-1386','og56j2VmlFKn'),(185,'Garvy Blondin','461 Maryland Trail','gblondin54@opera.com','996-773-7235','0jRRmv'),(186,'Willis von Grollmann','54450 Schurz Road','wvon55@chicagotribune.com','770-654-4200','nCzPOMEEYaL'),(187,'Chrissie Docker','77 Burning Wood Place','cdocker56@rambler.ru','163-446-6067','mTiPaFODvH'),(188,'Buffy Wiggett','97207 Westport Court','bwiggett57@ovh.net','642-528-5650','9oY1eL8LtE'),(189,'Maddie Whitley','9 Summerview Terrace','mwhitley58@studiopress.com','656-395-3560','dST1popR'),(190,'Greg Champain','6448 Darwin Trail','gchampain59@i2i.jp','406-168-9148','kepMTliLsPy'),(191,'Annie Christie','82 Becker Court','achristie5a@sohu.com','304-544-6425','mJ8D2cbYRAp'),(192,'Edith Playden','795 Crownhardt Way','eplayden5b@epa.gov','279-278-0900','mtT0Yiq0j5cV'),(193,'Una Chansonne','7 Oneill Place','uchansonne5c@mayoclinic.com','208-212-1177','761w1o8t'),(194,'Yance Tuck','05 Schurz Lane','ytuck5d@patch.com','867-965-4710','ybZiVWEwu'),(195,'Gweneth Drewett','92 Vera Pass','gdrewett5e@163.com','788-803-6385','KTydU8'),(196,'Saudra Yeardsley','84211 Banding Place','syeardsley5f@jiathis.com','291-593-1137','FbeWc166'),(197,'Ina Litherborough','85868 Glacier Hill Court','ilitherborough5g@vistaprint.com','838-365-1098','feRji9gu2tQ2'),(198,'Roldan Elderidge','067 Northport Avenue','relderidge5h@xing.com','135-181-4918','Ynelaq'),(199,'Cacilia Mendonca','39 Cherokee Crossing','cmendonca5i@comcast.net','881-993-2855','on9MIg8Yy'),(200,'Wallie Aysh','64848 Graedel Crossing','waysh5j@cpanel.net','415-516-7296','W8QW3Z'),(201,'Alphonse Raggles','872 Lindbergh Pass','araggles5k@berkeley.edu','917-879-5080','8FWtjw8'),(202,'Barbara-anne Habron','71 Graceland Alley','bhabron5l@mlb.com','778-259-9170','6J6ky1wBme'),(203,'Ermengarde Ferfulle','7349 Burning Wood Trail','eferfulle5m@senate.gov','587-863-8252','V69gQFTee'),(204,'Bertine Pinkett','222 David Hill','bpinkett5n@prlog.org','792-345-0219','Y4HfMWo'),(205,'Blondell Shallow','924 Kennedy Road','bshallow5o@msu.edu','214-589-2532','qtvomZB'),(206,'Kyle Ivanichev','50695 Pepper Wood Hill','kivanichev5p@1und1.de','728-181-3221','UvQfKoPsf'),(207,'Hilly Swait','9937 Tony Place','hswait5q@msn.com','882-305-6895','BkAI19R4'),(208,'Klement Faircliff','6 Atwood Junction','kfaircliff5r@ucoz.com','493-560-1686','kiCoO97'),(209,'Colette Janc','5 Hovde Avenue','cjanc5s@wisc.edu','658-622-9757','U7hEWoa'),(210,'Correy Syer','67 Esch Plaza','csyer5t@barnesandnoble.com','661-957-3691','MdgDm6BreaV'),(211,'Cami Connow','937 Nancy Lane','cconnow5u@ihg.com','979-636-2352','vtTEHPFpiG'),(212,'Lamar Hatton','2 Nelson Hill','lhatton5v@google.pl','481-550-1402','2hzbU0IEaLx'),(213,'Chance Auchterlony','15302 Warrior Way','cauchterlony5w@sciencedaily.com','301-537-4713','c2JZnEabqOl'),(214,'Horatius Bantham','9 Bartillon Street','hbantham5x@vistaprint.com','581-534-2710','6gJePI8S21gK'),(215,'Vanda Lupton','7 Michigan Hill','vlupton5y@un.org','744-668-3942','nLH5xxX3sKFH'),(216,'Tait Pummery','2435 Fieldstone Junction','tpummery5z@mediafire.com','256-163-8593','VXqGzYT'),(217,'Renate Hulls','79 Union Way','rhulls60@va.gov','816-241-1078','gfR8eeY'),(218,'Ann-marie Gosford','810 Fisk Trail','agosford61@nydailynews.com','606-119-5618','AMbG1kD'),(219,'Una Richford','66136 Eastlawn Drive','urichford62@elegantthemes.com','810-481-1738','iKAwY66sI'),(220,'Kissee Josefovic','361 Cambridge Center','kjosefovic63@free.fr','232-986-0218','JLsAuZ775k'),(221,'Emmie Alecock','090 New Castle Parkway','ealecock64@zimbio.com','713-221-8261','vX9dDR'),(222,'Georgie Malam','078 Bowman Street','gmalam65@surveymonkey.com','786-194-8523','pFWAnPeCS3'),(223,'Georges Diack','04 Northland Junction','gdiack66@usgs.gov','876-298-9263','S0q9zrT'),(224,'Luella Edworthie','6140 Cambridge Circle','ledworthie67@tmall.com','401-323-1050','XgxDYmNj'),(225,'Bren Stannah','82 Swallow Junction','bstannah68@mozilla.com','214-647-6761','qRvDKk'),(226,'Sal Jarred','7 Kennedy Crossing','sjarred69@paypal.com','177-992-5703','CZcvAstRQ'),(227,'Alysa Janman','7 Hintze Point','ajanman6a@home.pl','910-526-7624','zYluYO3fqWx'),(228,'Webster Ivankov','99293 Mosinee Street','wivankov6b@quantcast.com','833-730-4730','5Gu0ezTWrr'),(229,'Nil Gludor','2 Nancy Plaza','ngludor6c@altervista.org','821-371-9224','0KCZh5xz6M'),(230,'Rodie Buckby','405 Hazelcrest Center','rbuckby6d@furl.net','253-919-2278','yPquK3gcE'),(231,'Tobe Bohea','7 Corben Road','tbohea6e@devhub.com','221-387-7043','iuuwzuqbX'),(232,'Daile Grabb','58 Elmside Plaza','dgrabb6f@quantcast.com','191-663-1976','xZw7tAXQD7i'),(233,'Teresa Surgener','46 Garrison Way','tsurgener6g@squidoo.com','224-982-3001','1jBmfsheF'),(234,'Eberhard Ringsell','48450 Village Lane','eringsell6h@reverbnation.com','751-100-4557','NVn2jwKHSCv'),(235,'Shirleen Daft','995 Everett Junction','sdaft6i@g.co','525-947-6877','oTTqnTxBvt'),(236,'Sergio Chesley','7575 Sycamore Crossing','schesley6j@yelp.com','883-811-0438','osGjJGcvl'),(237,'Phylis Simanek','65963 Troy Point','psimanek6k@infoseek.co.jp','822-579-7247','HMxXm2TAoKm3'),(238,'Pietra Denslow','7154 Anderson Court','pdenslow6l@census.gov','478-485-0773','uqxdwwTp1N'),(239,'Stormie Gimblet','61424 Express Junction','sgimblet6m@geocities.jp','955-215-4918','UCuCqkiY'),(240,'Phillie Boik','26 Hooker Junction','pboik6n@wordpress.com','713-436-6100','0z8d95sd'),(241,'Eugenio Feldstein','8048 Merry Court','efeldstein6o@go.com','546-716-8597','N57Ie8GT'),(242,'Lanna Simonsen','8553 Northridge Alley','lsimonsen6p@umich.edu','983-207-1881','RriuaHf3'),(243,'Dulcine Bernadon','04749 Truax Plaza','dbernadon6q@360.cn','373-844-5217','omkq65yh'),(244,'Vivianna Bwy','634 Hovde Trail','vbwy6r@reuters.com','459-560-1723','bp0GKt95l3r'),(245,'Allys Humm','5911 Pine View Trail','ahumm6s@gravatar.com','186-911-4677','gSCwJa'),(246,'Arlan Ducker','817 Magdeline Plaza','aducker6t@soup.io','549-926-9873','4jQsblnH6'),(247,'Jasmina Orht','023 Raven Parkway','jorht6u@bluehost.com','740-204-8009','mrXAosz'),(248,'Delmore Caffrey','6 Schlimgen Lane','dcaffrey6v@homestead.com','517-209-7660','SeW0DyCiIBjg'),(249,'Durward Leborgne','452 Harper Park','dleborgne6w@howstuffworks.com','250-605-0635','DRVOXC8'),(250,'Ferdy Carneck','1 Chinook Center','fcarneck6x@youku.com','905-160-7362','xgmCFp6riMp'),(251,'Dona Greenhow','32 La Follette Center','dgreenhow6y@home.pl','452-354-1582','uVE92UwU'),(252,'Courtnay Lobbe','0 Sommers Lane','clobbe6z@cmu.edu','348-933-8104','3C0nz5P'),(253,'Hartwell Tortis','55 Hermina Avenue','htortis70@earthlink.net','392-137-7315','bJN09Y6flX'),(254,'Genna Conn','722 Hazelcrest Alley','gconn71@a8.net','520-552-7778','03hvJOJHfy2'),(255,'Cindelyn Clayworth','3 Summerview Park','cclayworth72@bing.com','170-770-3487','yZKbrDk2Cdp'),(256,'Olivette Sherewood','3813 Paget Junction','osherewood73@fotki.com','487-404-2470','uLVLIq'),(257,'Bobinette Chadderton','2 Bluejay Way','bchadderton74@hao123.com','205-555-4669','8q3o6FVpct'),(258,'Olenolin MacNulty','70 Commercial Road','omacnulty75@wunderground.com','659-292-0397','EeTfE2EOOUkk'),(259,'Guglielma Bartels','74 Cardinal Pass','gbartels76@japanpost.jp','740-725-5802','POrXthg'),(260,'Rodney Scrivens','3 Fairview Way','rscrivens77@devhub.com','393-267-8386','bZwtJz6F'),(261,'Berrie Corser','24209 Darwin Trail','bcorser78@fotki.com','954-985-2264','pzWAym'),(262,'Raven Keggins','420 Service Parkway','rkeggins79@senate.gov','747-801-9347','5HWSUmXkpEt'),(263,'Flem Alexander','6 Johnson Court','falexander7a@bbb.org','815-149-5966','RmW6jw1k'),(264,'Kareem Van Halen','07 Clyde Gallagher Point','kvan7b@tinypic.com','814-283-8782','3JU4Yv'),(265,'Abbie Beaudry','265 Westerfield Way','abeaudry7c@w3.org','801-579-9462','gab0ill3'),(266,'Kendre Jacobsson','4 Monterey Crossing','kjacobsson7d@so-net.ne.jp','590-879-3914','9V2AZnfmt'),(267,'Tawsha Brasted','7441 Steensland Parkway','tbrasted7e@ihg.com','963-581-2820','RvV0WJLz'),(268,'Chester Iiannoni','9282 2nd Drive','ciiannoni7f@posterous.com','644-425-8687','3A3yZOc'),(269,'Trixy Edel','342 Barnett Crossing','tedel7g@ustream.tv','912-329-3731','giz61O'),(270,'Haroun Stearndale','82 Emmet Hill','hstearndale7h@earthlink.net','809-348-9278','GOgswgJ4Cw'),(271,'Thomasina Paddefield','05823 Calypso Street','tpaddefield7i@bizjournals.com','125-760-4309','Djjl5tIle1'),(272,'Daffi Bricklebank','2 Elka Circle','dbricklebank7j@google.ru','459-655-5676','qwIH9JkqeU'),(273,'Oates Matthias','49064 Loeprich Pass','omatthias7k@friendfeed.com','451-197-2157','1MveKB'),(274,'Angy Eberst','7 Canary Hill','aeberst7l@google.com.br','673-908-9225','64p2hxRrE2'),(275,'Desi Chicchetto','2556 High Crossing Hill','dchicchetto7m@w3.org','379-901-8877','oRYx9OSY'),(276,'Delmer Duke','59 Holy Cross Place','dduke7n@artisteer.com','695-588-4575','wTl6atBEL'),(277,'Daphene Nuton','668 Eastwood Point','dnuton7o@oaic.gov.au','677-786-9531','oozIhyvwpc3'),(278,'Wye Jesty','788 Mallard Plaza','wjesty7p@google.com.br','110-719-4769','IScpVydTP3'),(279,'Shanta Snoxill','993 Algoma Court','ssnoxill7q@1688.com','889-337-1511','uAEU9VUIiao'),(280,'Madelyn Strang','44322 Haas Street','mstrang7r@ftc.gov','359-366-8253','ILY3zCAvIgz'),(281,'Althea O\'Hara','486 Ridge Oak Point','aohara7s@loc.gov','590-794-6198','ksltsXx'),(282,'Jillene Sands-Allan','1675 Warner Alley','jsandsallan7t@icq.com','797-587-6926','FIxRuN7q3'),(283,'Darryl Jordon','76664 Delaware Pass','djordon7u@sbwire.com','885-274-8099','AszGuC3'),(284,'Hailey Brumbie','5934 Spaight Road','hbrumbie7v@myspace.com','702-633-9159','YjD1DMDYMZ'),(285,'Major Pendlington','8145 Anderson Hill','mpendlington7w@go.com','521-460-4385','J6a82n39ePFh'),(286,'Myrtle Pechell','8293 Quincy Crossing','mpechell7x@webs.com','818-151-9905','T0IAONPIwa'),(287,'Brock Fader','2958 American Plaza','bfader7y@china.com.cn','195-108-4203','IoGER6D'),(288,'Isaak Beausang','1747 Hagan Junction','ibeausang7z@acquirethisname.com','280-845-9979','izcyjNRy5'),(289,'Giustina Scade','666 Old Shore Parkway','gscade80@yale.edu','977-321-4252','4WX5eNzZLb'),(290,'Archibaldo Glenwright','384 Crownhardt Circle','aglenwright81@cbsnews.com','519-134-0762','eo6BUvu'),(291,'Malory Garron','143 Welch Court','mgarron82@dell.com','746-204-2172','Mhf5PaNm6'),(292,'Wilmette Gibbs','78 Fairfield Court','wgibbs83@buzzfeed.com','180-622-9126','UfEtby5'),(293,'Madalena Dumsday','5161 Westridge Crossing','mdumsday84@goodreads.com','718-306-5156','gfU7WWHF6'),(294,'Verile Knowlden','0552 South Junction','vknowlden85@weebly.com','560-611-2041','gR8nxT3'),(295,'Garvey Petrello','25 Park Meadow Trail','gpetrello86@usatoday.com','276-884-8844','KU2Tyueoz'),(296,'Jeffie Skillett','25335 Jenna Junction','jskillett87@istockphoto.com','620-899-2064','lM1CIp6e'),(297,'Reagan Growcock','6 Briar Crest Lane','rgrowcock88@baidu.com','645-520-3925','N9OUoc'),(298,'Shelagh Ghent','8859 Division Avenue','sghent89@typepad.com','171-288-6825','Ln0j2P'),(299,'Natka Ogglebie','22 Dovetail Avenue','nogglebie8a@chicagotribune.com','797-894-2677','dD9cdDGxNDn'),(300,'Giuditta Powelee','6980 Haas Road','gpowelee8b@instagram.com','366-942-7229','UrQFk8KRXdGi'),(301,'Maire Dempster','846 Monica Avenue','mdempster8c@umn.edu','576-402-3647','u5YrVP2MCu'),(302,'Arie Beesley','8722 Parkside Way','abeesley8d@google.it','226-618-0340','3RVqFqN'),(303,'Odette Dedrick','76655 Columbus Court','odedrick8e@wikia.com','916-369-0209','yHNYCJ'),(304,'Roderic Nisuis','7772 Forest Run Avenue','rnisuis8f@sfgate.com','513-796-6760','a2SPXl'),(305,'Shelby Seton','77785 Nevada Center','sseton8g@about.com','696-958-4475','zhA2Y2'),(306,'Brett Corsan','87482 Old Shore Crossing','bcorsan8h@linkedin.com','435-404-3210','2kYIthWpHngT'),(307,'Alon Dunbobbin','6 Melby Way','adunbobbin8i@squidoo.com','839-756-9878','8jFKPDOn9'),(308,'Anderea Hens','69164 Mcguire Junction','ahens8j@vimeo.com','201-113-7545','Q3XE9MI'),(309,'Shepard Westmore','83775 Valley Edge Trail','swestmore8k@sphinn.com','697-613-9853','ADFL15kSrf5'),(310,'Morten Dellenbrook','4 Clarendon Hill','mdellenbrook8l@reuters.com','313-935-7867','ihSrFlM'),(311,'Ursuline Mathewson','05 Pankratz Avenue','umathewson8m@google.com.au','939-978-4619','UOWHTR58zl6M'),(312,'Sharl Kach','2 Independence Pass','skach8n@bing.com','939-726-1038','fyGILKRh8k'),(313,'Davita Morstatt','3 Sage Trail','dmorstatt8o@people.com.cn','435-253-2243','M83gxzy'),(314,'Cornall Georgins','7738 Brentwood Alley','cgeorgins8p@miitbeian.gov.cn','719-716-5449','0kkvgi'),(315,'Vick Labat','9 Quincy Center','vlabat8q@yellowpages.com','234-871-9089','YEIWeCw2O'),(316,'Darin Pellamont','15349 Mendota Place','dpellamont8r@smugmug.com','146-401-0969','CrPdfl4B'),(317,'Tailor McRitchie','958 Meadow Valley Terrace','tmcritchie8s@google.ru','871-559-7423','lixRoUNpRY'),(318,'Carlie Merveille','9 Pankratz Way','cmerveille8t@dmoz.org','516-925-3060','sJShzGuzQ0ZZ'),(319,'Sabra Chate','792 Fisk Terrace','schate8u@imdb.com','709-337-3373','2Lhd7Aq9'),(320,'Sharity Vaadeland','77 Tennyson Plaza','svaadeland8v@spiegel.de','315-783-2385','n8bfIxla'),(321,'Bent Nattrass','9 Gulseth Plaza','bnattrass8w@netlog.com','424-781-8004','p6KVk6i'),(322,'Demott Butland','8 Redwing Road','dbutland8x@blinklist.com','330-446-0941','7OaCtX'),(323,'Jillane Tesmond','65 Nancy Road','jtesmond8y@telegraph.co.uk','865-412-3573','shpDRIfJa6Y'),(324,'Christina Goodbarne','1 Dottie Parkway','cgoodbarne8z@washington.edu','216-852-7202','aAd5PlZaZS8C'),(325,'Elfrieda Bloy','7142 Blaine Circle','ebloy90@slideshare.net','504-626-0308','7gsf671qb'),(326,'Maren Stearndale','89536 Bultman Circle','mstearndale91@sourceforge.net','683-792-0464','u6hK7qRXQ2g3'),(327,'Benni Denk','3401 Corscot Crossing','bdenk92@ocn.ne.jp','148-204-2658','HriSiIqRR'),(328,'Melvyn Horning','77 Little Fleur Circle','mhorning93@people.com.cn','137-264-6086','PPNaWr7n'),(329,'Jewell Sapp','12 American Trail','jsapp94@microsoft.com','470-480-4791','VztGbeKA3t'),(330,'Broddy Eddolls','8025 Hauk Street','beddolls95@wikia.com','867-745-3892','amqDEP3t4m'),(331,'Averil Venditto','4249 Northport Junction','avenditto96@prweb.com','776-739-7872','Y4riVqQp8'),(332,'Pavel Reddoch','09 Service Center','preddoch97@sciencedirect.com','515-483-7427','muSEQcsLpi'),(333,'Bertie Counter','1 Ridgeway Drive','bcounter98@nhs.uk','864-708-9548','INB2mVrNI'),(334,'Shelby Glisenan','05 Pine View Junction','sglisenan99@fc2.com','973-162-0141','70UYoGalJ'),(335,'Correy Jewise','4734 Mendota Street','cjewise9a@youku.com','463-475-7257','hEFrakI'),(336,'Gay Hammarberg','9326 Melvin Crossing','ghammarberg9b@businessinsider.com','716-878-4654','6oWdVCmTHqO'),(337,'Oran Backman','336 Miller Circle','obackman9c@php.net','905-420-5709','r0x1N3lw'),(338,'Josephine Olkowicz','96248 Forster Street','jolkowicz9d@xrea.com','779-154-2266','lmx91In'),(339,'Shurwood Manby','546 Hanover Plaza','smanby9e@wikimedia.org','216-987-8565','ykSYvMq1s1Z3'),(340,'Garland Allner','8 Dryden Center','gallner9f@google.pl','470-957-4651','f8OiERqpk'),(341,'Camellia Kingdom','9 Park Meadow Terrace','ckingdom9g@dion.ne.jp','733-590-8467','6zJFaavII1LQ'),(342,'Ashbey Lindeboom','950 Crowley Alley','alindeboom9h@merriam-webster.com','900-343-3553','1wUnfVQL'),(343,'Percy Severy','6 Dayton Drive','psevery9i@cocolog-nifty.com','145-128-0852','GNKTFpb'),(344,'Ginni Dennerley','85 Summer Ridge Park','gdennerley9j@chron.com','898-739-6846','uYHw3VIEl'),(345,'Arlena Archer','24040 Knutson Court','aarcher9k@netvibes.com','106-652-7597','adsMnlZMV34G'),(346,'Rollo Van den Oord','66248 Gateway Junction','rvan9l@gov.uk','409-603-2227','J30P4JXCG'),(347,'Benedikta Maes','2498 Elmside Plaza','bmaes9m@amazon.de','210-913-1603','rkbsbSFnvph3'),(348,'Michaeline Chaves','8 Hovde Terrace','mchaves9n@cloudflare.com','916-948-7461','1XCcpIfRbT'),(349,'Modestia Duinbleton','0165 Derek Crossing','mduinbleton9o@feedburner.com','487-681-6453','gbqsOXEOT4'),(350,'Rois Whetson','2791 Continental Plaza','rwhetson9p@sourceforge.net','327-203-4992','cdNQPrnZM'),(351,'Aubrie Uvedale','750 Bellgrove Parkway','auvedale9q@cdc.gov','288-316-8514','BCIRElDzgZq'),(352,'Fons Meech','96597 Superior Road','fmeech9r@msu.edu','627-366-8938','i5wPNQ0q2'),(353,'Maud Poundesford','961 Anderson Terrace','mpoundesford9s@pen.io','846-832-8758','A43jzGiFyK'),(354,'Batsheva Fawlkes','825 Oxford Road','bfawlkes9t@china.com.cn','452-349-9999','rBBPbhm0QV'),(355,'Lori Yearsley','25659 Westerfield Way','lyearsley9u@harvard.edu','808-881-7000','uLJDlgQLjP'),(356,'Lela Dunbobin','6587 Forest Court','ldunbobin9v@webs.com','659-530-4194','Ynq36ToP2'),(357,'Catie Baughan','5126 Helena Terrace','cbaughan9w@dropbox.com','871-520-7674','r9Iq4nk2r8'),(358,'Marley McGlew','79 Rusk Place','mmcglew9x@bluehost.com','983-195-6878','mh80sA'),(359,'Anthiathia O\'Farris','656 Esker Plaza','aofarris9y@cisco.com','309-317-2809','QhlzhgDCanvl'),(360,'Hastings Pringle','3985 Cordelia Road','hpringle9z@census.gov','667-147-9851','bzlwozNZUCT'),(361,'Kimmy Wharmby','0686 Sugar Avenue','kwharmbya0@blogs.com','367-412-4454','0pe3SnVkbi'),(362,'Marcille Abbs','36 Cordelia Pass','mabbsa1@washingtonpost.com','222-331-4513','BYn7zl5PY'),(363,'Hermia Pride','61761 Green Court','hpridea2@washingtonpost.com','654-869-1982','5kojJbMFjd'),(364,'Kimmie Ben','8402 Golf Course Drive','kbena3@thetimes.co.uk','237-290-6436','O33DYoaFeB'),(365,'Hermina Henbury','00 Golf Course Point','hhenburya4@washington.edu','458-265-6387','3oOBtW'),(366,'Matthias Mattke','3722 Loomis Drive','mmattkea5@cafepress.com','473-754-5318','qqzsEGRn73'),(367,'Urbano Kinnier','315 Burrows Place','ukinniera6@clickbank.net','409-836-5669','2dzXcOeZVZ'),(368,'Constanta Priel','0683 Randy Way','cpriela7@blog.com','110-701-0760','1vKMsUltlY'),(369,'Alison Zellmer','39 Bashford Plaza','azellmera8@friendfeed.com','407-860-6057','Nn61ta'),(370,'Hailee Brownill','4940 Homewood Junction','hbrownilla9@twitter.com','769-188-2721','EDUbEZIViDq'),(371,'Nadya Crosskell','8 Logan Park','ncrosskellaa@thetimes.co.uk','900-494-9859','HVnZbAM'),(372,'Agnesse Hawtin','29 Eagan Point','ahawtinab@latimes.com','592-457-3193','GSLyEez'),(373,'Michaeline Goodrich','5 Graedel Lane','mgoodrichac@ucoz.com','969-674-2607','YPAfCLfLqii5'),(374,'Faydra Grzegorek','52 Florence Alley','fgrzegorekad@npr.org','543-850-7439','x0v4Y8BNi1X'),(375,'Dara Sinclaire','45250 Helena Avenue','dsinclaireae@pbs.org','144-209-4021','PhQoWCc'),(376,'Marietta Oakinfold','91539 Nobel Court','moakinfoldaf@naver.com','673-833-9015','PxlWTdpu3'),(377,'Benyamin Titterton','48 Bashford Terrace','btittertonag@cbslocal.com','525-112-2414','7Hn5qjsDG38y'),(378,'Anabal Kalkofen','219 Twin Pines Terrace','akalkofenah@mediafire.com','118-822-5253','qUpKLvSz1RUU'),(379,'Horton Cuesta','6 Cottonwood Point','hcuestaai@cpanel.net','798-467-9905','PrlMFLzJbYf'),(380,'Elwood Woodwing','5797 Pawling Parkway','ewoodwingaj@edublogs.org','579-594-7705','6IP8IRVRlHK'),(381,'Evaleen Varden','15297 Nevada Street','evardenak@edublogs.org','800-625-4624','9wNZfGBkVs'),(382,'Decca Kyngdon','244 Crowley Way','dkyngdonal@lycos.com','859-883-4535','hO7DyAZhmY'),(383,'Krysta Bein','280 Village Green Pass','kbeinam@deliciousdays.com','250-365-3910','oCcN1cVw1k'),(384,'Hettie Nibley','5 Old Gate Road','hnibleyan@phpbb.com','421-991-0574','raVxebJ'),(385,'Laurena Hutcheons','22 Union Crossing','lhutcheonsao@paypal.com','704-513-3774','EzaWqAVlkyC2'),(386,'Edeline Messenger','80845 Shasta Road','emessengerap@cnbc.com','892-589-3560','2yy4F3JM'),(387,'Clare O\'Codihie','0 Nevada Street','cocodihieaq@answers.com','315-694-5585','mJtN1uLSBP'),(388,'Chick Adam','29577 Troy Court','cadamar@google.com.au','276-795-1687','g8zUxQ'),(389,'Idette Burberye','4 Mariners Cove Alley','iburberyeas@purevolume.com','765-454-6999','b8tyxAy2r'),(390,'Maryann Seekings','36 Cody Center','mseekingsat@usda.gov','730-653-3793','p6b86oiQh3qu'),(391,'Amalea Hansbury','33 Upham Alley','ahansburyau@addthis.com','312-471-2140','ZMo3G13'),(392,'Delores Di Matteo','0957 Hallows Plaza','ddiav@mozilla.org','270-683-9411','eSHQmdaHAp58'),(393,'Jervis Goodbairn','26104 Onsgard Parkway','jgoodbairnaw@trellian.com','312-287-4769','aTEQVVO'),(394,'Bevin Bagott','3154 Haas Pass','bbagottax@cdc.gov','147-694-0973','nE1Xe3cDhXU'),(395,'Finley Bogeys','87 Gateway Place','fbogeysay@google.com','903-156-6813','WkRdKae'),(396,'Dagmar Stallion','8 Warrior Alley','dstallionaz@mapquest.com','786-315-9194','uLUhLobqivs'),(397,'Daven MacDaid','89480 Monica Plaza','dmacdaidb0@theatlantic.com','810-984-4367','WtIIjuTp'),(398,'Kynthia Albrecht','011 Montana Point','kalbrechtb1@thetimes.co.uk','311-828-5198','2E22Xbfz03'),(399,'Carilyn Bicheno','670 Lindbergh Park','cbichenob2@tiny.cc','937-880-3841','VkRxh7'),(400,'Myca Bonsul','4 Kennedy Crossing','mbonsulb3@netscape.com','850-252-2868','lAygZ3JM'),(401,'Kipper Domini','9 Birchwood Center','kdominib4@abc.net.au','232-771-2288','pjJKFkI'),(402,'Melicent Gerrietz','7235 Hazelcrest Lane','mgerrietzb5@mozilla.org','230-683-3027','VfGs0s2'),(403,'Edithe Haglinton','7478 Oak Valley Place','ehaglintonb6@wikimedia.org','880-872-0344','eW7mSf0az4b'),(404,'Enid Askell','5 Schiller Terrace','easkellb7@amazon.co.uk','470-841-8070','4jno0aYutL'),(405,'Issy Swateridge','47 Graedel Street','iswateridgeb8@networkadvertising.org','897-992-1273','vvUfnskR1J'),(406,'Irvin Braidford','4278 Browning Plaza','ibraidfordb9@npr.org','488-801-1911','9JfQAi'),(407,'Jane Orpen','9 Menomonie Street','jorpenba@java.com','615-948-9554','vD0WyciLSC'),(408,'Elaina Rulf','16 Stang Center','erulfbb@ft.com','494-601-9774','t2B1OlHwRN1'),(409,'Merrill Buttriss','5780 Jana Alley','mbuttrissbc@census.gov','570-366-2916','NEHNGu'),(410,'Lauryn Riordan','0065 Manley Place','lriordanbd@wikispaces.com','202-714-4605','GBQNOKPbh'),(411,'Wallis O\' Cuolahan','76 Clarendon Court','wobe@cocolog-nifty.com','210-968-9774','7mPShxz5Uu6'),(412,'Hewitt Shutt','35 Atwood Way','hshuttbf@slideshare.net','723-613-4176','vMfFllbFQ'),(413,'Allin Swiffan','5937 Meadow Valley Park','aswiffanbg@is.gd','288-925-0007','w3EkcU'),(414,'Jsandye Fitzsymons','5571 Northridge Way','jfitzsymonsbh@macromedia.com','154-170-9382','Y1v5exwX'),(415,'Dyann Wernher','53748 Nelson Avenue','dwernherbi@tinyurl.com','792-215-7846','X6CqvP23AI'),(416,'Marketa Eby','66216 Monterey Way','mebybj@apache.org','569-692-2222','CkalFPoWWJ'),(417,'Kare Joskowicz','455 American Way','kjoskowiczbk@senate.gov','904-809-4475','LRFvTyXrz1W'),(418,'Meagan Ojeda','90 Commercial Circle','mojedabl@reddit.com','860-293-5314','XlmJmN'),(419,'Juli Plumm','3161 Eastwood Way','jplummbm@gmpg.org','344-752-2110','Pkwr8T6r'),(420,'Sharron Mattschas','9773 Hazelcrest Plaza','smattschasbn@wikipedia.org','372-108-9452','vBkNOekJx'),(421,'Margeaux Blagden','72191 Bowman Trail','mblagdenbo@instagram.com','763-829-7855','L8VXeG4gDQW'),(422,'Theresina Skelhorn','74 Fisk Street','tskelhornbp@cisco.com','816-828-3648','qL7YcDSy2z'),(423,'Laurie Rupert','5 Cambridge Way','lrupertbq@storify.com','847-620-8859','KKNxLwB43v'),(424,'Alica Tant','68 Grover Crossing','atantbr@netvibes.com','460-329-3181','4DSc4uR2a'),(425,'Kinsley Bracci','2 Glacier Hill Point','kbraccibs@eventbrite.com','119-588-3326','OJKXrbbE'),(426,'Arabel Behninck','040 Sauthoff Alley','abehninckbt@hubpages.com','495-373-8696','hcZjVjTqJ7'),(427,'Pavla Arntzen','77 Hermina Alley','parntzenbu@kickstarter.com','834-891-3611','Lzq1VV'),(428,'Ellyn Yarrow','643 Russell Crossing','eyarrowbv@dmoz.org','179-385-3566','ojqno1uLHk'),(429,'Perle Ebertz','58 Bayside Parkway','pebertzbw@wiley.com','401-515-5976','haKyBNUYC'),(430,'Blinnie Curnnok','6895 Waywood Center','bcurnnokbx@hhs.gov','197-502-9792','VZoUvjW3'),(431,'Lynnett Handlin','05788 Valley Edge Park','lhandlinby@admin.ch','843-146-8073','4G8CGRha5WZ'),(432,'Kerrin Hobden','984 Brown Court','khobdenbz@examiner.com','280-554-4038','BDxkDDBSx'),(433,'Carroll Ansell','58387 Green Ridge Circle','cansellc0@springer.com','373-517-4149','pATWsgNNAC6b'),(434,'Carny Garraway','25866 Express Road','cgarrawayc1@printfriendly.com','164-387-7287','z4AeEIy37U9'),(435,'Abbye Plumbridge','8502 Memorial Road','aplumbridgec2@ow.ly','373-607-7078','t82Fm8T'),(436,'Tye Ricoald','7363 Shopko Trail','tricoaldc3@imageshack.us','784-249-0300','LguGEDFDnNq'),(437,'Berti Gaize','09 Judy Trail','bgaizec4@apple.com','844-333-6813','UsJBID'),(438,'Blakelee Hayden','24 Bobwhite Center','bhaydenc5@zdnet.com','933-882-5108','pl6cReLA5iv'),(439,'Red MacGarrity','656 Forest Run Parkway','rmacgarrityc6@ovh.net','445-733-1222','7OyGBsLEYmh5'),(440,'Faydra Eggleston','48 Del Sol Circle','fegglestonc7@yahoo.co.jp','843-227-9580','POPRhZSRZSI'),(441,'Saul Symes','617 Brickson Park Junction','ssymesc8@forbes.com','834-224-4654','orHhSQkJd'),(442,'Mariana Gallegos','3 Mandrake Plaza','mgallegosc9@aol.com','531-368-5731','6fsyLDMK0'),(443,'Claire Westfalen','71039 Lotheville Drive','cwestfalenca@admin.ch','862-919-4121','kIvpo9PP'),(444,'Fernando Somes','77879 Vermont Lane','fsomescb@friendfeed.com','841-129-7486','MIYyiml'),(445,'Kristofor Frail','524 Maryland Circle','kfrailcc@example.com','664-432-5663','ahSVLZnb'),(446,'Cacilia Plumbley','10894 Carberry Park','cplumbleycd@macromedia.com','285-774-0429','ysxvxBLIlwMp'),(447,'Claudina Edes','1 Kennedy Avenue','cedesce@wordpress.org','948-961-5879','066Isn3ze8uq'),(448,'Krystle Aronstam','632 Anthes Park','karonstamcf@nyu.edu','544-903-8747','1tBbD2POyz'),(449,'Morgana Needs','619 Corry Junction','mneedscg@columbia.edu','457-619-0607','shrIm0qO2AY'),(450,'Annnora Coaten','68 Dunning Point','acoatench@rakuten.co.jp','910-384-4448','OIdYlu3XZVB'),(451,'Myrna Howsley','0 Stone Corner Avenue','mhowsleyci@blinklist.com','921-937-4959','SX0pF9W8Hi'),(452,'Gwyn Linskey','062 American Trail','glinskeycj@google.nl','419-775-5297','ov1JQL'),(453,'Kassia Damarell','7 Marcy Center','kdamarellck@tuttocitta.it','652-218-3302','r5u9hoh'),(454,'Wandie Bellanger','9 Gina Lane','wbellangercl@freewebs.com','347-582-9181','ue7vbW'),(455,'Casey Worden','798 Cardinal Center','cwordencm@usnews.com','830-602-6377','H1vt2Af'),(456,'Ann Siddons','690 Sunfield Parkway','asiddonscn@google.cn','411-772-1250','elWghRs4'),(457,'Revkah Verbeke','4 Porter Alley','rverbekeco@bandcamp.com','631-969-3979','B3b5jFzPaye'),(458,'Hunt Miners','29761 Clove Street','hminerscp@webmd.com','264-154-6183','jz0Z2zelgr'),(459,'Harland Trimmill','28 Forest Run Drive','htrimmillcq@archive.org','696-354-1538','3qc6rryRvu'),(460,'Kaiser Gerritsma','7 Merchant Avenue','kgerritsmacr@addthis.com','971-752-0129','eDu3ULOa'),(461,'Boone Denis','1 Oak Valley Lane','bdeniscs@illinois.edu','690-687-4872','kiR2izi0YK'),(462,'Elfreda Guidera','8 Hoepker Plaza','eguideract@myspace.com','947-210-0189','DNvMTb5RP'),(463,'Neron Whapple','15 Upham Lane','nwhapplecu@lulu.com','701-737-5890','FpQF1qu0rON'),(464,'Simona Percy','475 Roxbury Terrace','spercycv@usda.gov','445-418-0739','EU10YNjlfY6g'),(465,'Felice Paffett','4 Twin Pines Crossing','fpaffettcw@prlog.org','227-490-1192','R4DkmF'),(466,'Edwin Dillingham','58 Carioca Park','edillinghamcx@dell.com','781-562-4731','A1LgvM3d'),(467,'Stanton Titford','279 Pepper Wood Alley','stitfordcy@google.co.uk','911-853-3867','npyzMMaMW'),(468,'Donovan Strother','30199 Fairfield Road','dstrothercz@squidoo.com','778-731-5008','tuJdpod'),(469,'Broderic Oakly','36747 Fisk Pass','boaklyd0@behance.net','220-885-5173','3lERHG410J'),(470,'Geordie Germon','863 Hanover Plaza','ggermond1@oakley.com','270-402-2249','VIUdQ2qwjT7y'),(471,'Delcine Indgs','718 Mandrake Point','dindgsd2@unesco.org','255-626-9526','6wpT1oy6gU6'),(472,'Krystalle Stemson','6880 Lyons Junction','kstemsond3@goodreads.com','342-406-9296','6DMqe8ubgB'),(473,'Gilberte Morgue','016 Oneill Point','gmorgued4@nature.com','297-989-8454','pSpbbXZo'),(474,'Sibilla Sallan','191 Raven Park','ssalland5@lulu.com','743-382-3851','YOF99xHf'),(475,'Uta Kemetz','982 Spohn Hill','ukemetzd6@state.tx.us','963-567-5920','mN8t0Jb'),(476,'Lark Bramstom','3 Loeprich Parkway','lbramstomd7@hc360.com','889-473-7641','RDlb8lZd7Zi'),(477,'Warren Barttrum','097 Colorado Way','wbarttrumd8@e-recht24.de','109-851-5660','cgdW1beP4M'),(478,'Cooper Domanski','990 Mayfield Alley','cdomanskid9@cnet.com','497-356-5933','Pd1i6tzeW6U'),(479,'Elroy Harrod','4799 Dennis Junction','eharrodda@fda.gov','987-282-4783','Wow1D62M'),(480,'Nisse Ridout','991 6th Court','nridoutdb@hostgator.com','331-303-2004','L7oewF'),(481,'Josepha Shipman','8279 Prairie Rose Park','jshipmandc@howstuffworks.com','232-620-3474','WtrnM9sja'),(482,'Tuesday Togwell','9 Summit Court','ttogwelldd@harvard.edu','930-271-5695','7iQ42uVp'),(483,'Allie Jecks','744 Lunder Pass','ajecksde@latimes.com','451-358-7771','RbezMhX'),(484,'Shirline Gullberg','16352 Sachtjen Court','sgullbergdf@tinyurl.com','772-839-1016','7A7SjbzEx6A'),(485,'Sheilah Marples','345 Hayes Road','smarplesdg@ed.gov','763-586-6412','cPpQ0EDCB'),(486,'Rainer Johananov','58 Becker Drive','rjohananovdh@ted.com','554-312-3109','rLIqUtSZM'),(487,'Leupold Rosi','364 Colorado Circle','lrosidi@unblog.fr','599-786-8050','TYf2d1S1Hz'),(488,'Redd McKennan','8 Meadow Ridge Hill','rmckennandj@google.de','383-108-3981','vuWfOOM3'),(489,'Kristan Sallnow','702 Continental Terrace','ksallnowdk@slideshare.net','229-517-3430','JCGN9O9xha'),(490,'Veda Hauxley','71596 Grim Center','vhauxleydl@salon.com','134-564-5548','4pz6xGWG'),(491,'Diane Latimer','9 Kenwood Way','dlatimerdm@geocities.com','702-826-0337','rr9TSup'),(492,'Ddene Raggitt','254 Valley Edge Crossing','draggittdn@marriott.com','329-420-9085','cDG4ak8'),(493,'Giuditta Hembling','761 Linden Drive','ghemblingdo@smh.com.au','285-407-2559','VIOysYepVN'),(494,'Emmit Moynham','67310 Vahlen Lane','emoynhamdp@weather.com','457-906-4742','xL36e0rFLXR'),(495,'Nelson Mougin','959 Roth Crossing','nmougindq@answers.com','835-843-2956','2bqoSQ2h'),(496,'Rodger Standen','275 Eliot Circle','rstandendr@blogger.com','569-322-4334','Nszn3nh3'),(497,'Brandea Mathou','586 Carberry Trail','bmathouds@miitbeian.gov.cn','138-125-7571','lFlIWrP7c'),(498,'Iago Itzcovichch','36 Armistice Alley','iitzcovichchdt@networksolutions.com','299-571-3323','uN8yyNX'),(499,'Cad Hallick','1 Schmedeman Parkway','challickdu@cnet.com','734-280-6379','KA2elSQgw'),(500,'Rollie Sarrell','6 Susan Park','rsarrelldv@e-recht24.de','296-122-5108','nPx01Mk'),(501,'Crista Kinkaid','2959 Huxley Crossing','ckinkaiddw@acquirethisname.com','138-377-7792','oag841'),(502,'Cristobal McAughtry','34 Center Trail','cmcaughtrydx@si.edu','684-768-7436','eAbKWoo'),(503,'Bentlee Penwright','46 Hudson Place','bpenwrightdy@1688.com','727-953-4301','ivLZhH9j594'),(504,'Elfrieda Crosskill','31027 Sunfield Place','ecrosskilldz@github.com','148-186-8239','d0SLY79hFY'),(505,'Meade Craney','68 Loomis Alley','mcraneye0@cbsnews.com','516-181-0269','9qEO3G2'),(506,'Alvie Carreck','45 Leroy Street','acarrecke1@tinyurl.com','956-130-2355','dEpJ52rjC'),(507,'Emmie Robic','9019 Randy Trail','erobice2@moonfruit.com','113-181-6693','xUHgoqRi'),(508,'Tanner Feeley','479 Vera Circle','tfeeleye3@techcrunch.com','381-586-6152','2p2thCi'),(509,'Baily Heard','530 Arapahoe Plaza','bhearde4@multiply.com','281-650-2936','olAak0Zs3y'),(510,'Maryjane Raund','4119 Golf Course Circle','mraunde5@salon.com','225-321-8667','SbiReu1rJ'),(511,'Cindelyn Thredder','6 Sugar Crossing','cthreddere6@guardian.co.uk','447-772-1300','OVTZw99hBssY'),(512,'Drud Pilgram','1 Dapin Trail','dpilgrame7@blogtalkradio.com','183-140-2483','8qIs2A'),(513,'Aurelia Devenny','405 Arapahoe Junction','adevennye8@amazon.co.uk','483-356-3478','HANNMz6'),(514,'Zachary Blair','50407 Center Hill','zblaire9@posterous.com','383-727-2935','Odp7Dsdecn'),(515,'Lynea Mongan','0590 Laurel Avenue','lmonganea@mlb.com','410-948-0108','aQPr61cva'),(516,'Renate Dadley','9200 Ronald Regan Center','rdadleyeb@geocities.com','149-944-5712','VA748LX7RP'),(517,'Rowena Scarlett','5 Elka Avenue','rscarlettec@abc.net.au','415-327-4778','81lRJyfCO8f'),(518,'Lorinda Poyzer','5 Melrose Pass','lpoyzered@diigo.com','678-270-1836','tIn0nNaBN'),(519,'Lissa Kerfod','2 Anzinger Trail','lkerfodee@google.ru','275-357-3446','jssBUCM6'),(520,'Russ O\'Deoran','1365 Londonderry Crossing','rodeoranef@apple.com','466-311-2670','8X2I5D9X51'),(521,'Lisha Rakestraw','752 Roth Drive','lrakestraweg@seattletimes.com','689-956-4031','nMQ43Im5w1'),(522,'Dodi Fakes','820 Eagan Road','dfakeseh@elpais.com','594-519-0935','ec9PItYwM0'),(523,'Gideon Rolles','047 Maple Way','grollesei@dell.com','970-370-8942','RsHyRQV4yBJI'),(524,'Ainslee Bysh','781 Delaware Plaza','abyshej@skyrock.com','616-697-6231','3nNFe7'),(525,'Rafael Kropp','13 Toban Park','rkroppek@bandcamp.com','896-780-5214','jsreN1'),(526,'Gran Fritter','08 Elka Street','gfritterel@wikia.com','591-731-0434','uOxCGFXn7v'),(527,'Dyanne Hastler','6 Pennsylvania Road','dhastlerem@github.com','986-304-4967','HcoERYyTT'),(528,'Lazaro Rembaud','8760 Doe Crossing Avenue','lrembauden@themeforest.net','452-931-3936','jZ3NMx6'),(529,'Jack Scorer','8361 Sachs Trail','jscorereo@rambler.ru','600-265-1161','RLfg9Qyb9At'),(530,'Pandora Hein','03 Carey Plaza','pheinep@deliciousdays.com','597-375-4778','AMTUT6HeTHP'),(531,'Benji Roglieri','8958 Village Parkway','broglierieq@mac.com','747-908-8594','oBTQOISx'),(532,'Obed Dreamer','1711 Kropf Trail','odreamerer@bbb.org','114-625-0890','iHAY4xLMa0n'),(533,'Felipa Johananoff','87 Twin Pines Parkway','fjohananoffes@about.com','317-637-6598','ziZIlIURVh'),(534,'Madeleine Earengey','71 Buell Park','mearengeyet@4shared.com','498-929-9821','BdiXql'),(535,'Merrie Frew','5 Banding Plaza','mfreweu@baidu.com','612-251-4656','OuTnXLqQ'),(536,'Idalina Minigo','0486 Springs Park','iminigoev@wp.com','428-256-4589','pjoSCJy'),(537,'Elora Kefford','3 Clyde Gallagher Drive','ekeffordew@multiply.com','722-868-1877','ixyBHHPJfv'),(538,'Antonino Kidwell','95 Fair Oaks Park','akidwellex@mozilla.org','310-471-0446','PUnumaQ'),(539,'Melody Ricart','2 Blackbird Lane','mricartey@tinypic.com','785-132-1866','5iDAEs'),(540,'Jose Romeo','803 Scoville Center','jromeoez@goodreads.com','483-921-4473','xbk83LOGO06'),(541,'Erina McAsgill','4571 Upham Hill','emcasgillf0@loc.gov','771-820-6145','LrbyZu'),(542,'Justin MacNucator','8 Fallview Place','jmacnucatorf1@weibo.com','543-620-7271','SCv1ic2zYpT'),(543,'Margot Karolyi','1617 Merry Crossing','mkarolyif2@sourceforge.net','531-900-9828','tpyazbmwo'),(544,'Arleen Delle','42545 Loeprich Lane','adellef3@cbc.ca','940-965-5812','yj9HtLHRY'),(545,'Bamby Durran','247 Troy Center','bdurranf4@ameblo.jp','426-843-6316','3gjQUG4xUR'),(546,'Base Pinch','4 Starling Lane','bpinchf5@sourceforge.net','859-457-0998','hk80sXE9'),(547,'Arthur Jentin','0 Mcbride Point','ajentinf6@wikimedia.org','314-712-2063','HICfpz'),(548,'Lyn Mawd','5744 Garrison Circle','lmawdf7@hostgator.com','356-770-1335','uXo2Y65iycZ'),(549,'Berny Franssen','72 Tomscot Way','bfranssenf8@example.com','133-854-9161','WiU48FNuEcja'),(550,'Henrik Haskur','65 Spenser Parkway','hhaskurf9@deviantart.com','955-606-8846','DxVs8hD5bmj'),(551,'Tabor Criag','0 Laurel Drive','tcriagfa@constantcontact.com','827-593-2585','jcVjvnnr'),(552,'Ynez Atyea','91 Bluejay Alley','yatyeafb@fda.gov','577-397-3073','ZP611tX0S'),(553,'Weston Wallas','76 Springs Circle','wwallasfc@cloudflare.com','678-800-7909','pCETCAT'),(554,'Sashenka Dewhirst','183 Roth Trail','sdewhirstfd@rakuten.co.jp','422-152-3848','SWeP22Z'),(555,'Dotty Regorz','728 Michigan Junction','dregorzfe@blinklist.com','547-218-0194','Ut4hrrvU'),(556,'Allene Earwicker','0870 Meadow Valley Way','aearwickerff@springer.com','954-222-7822','fzehqNqags'),(557,'Reeba Rutty','13 Namekagon Lane','rruttyfg@nifty.com','127-534-2094','x9N3qeE'),(558,'Donal MacCorkell','33393 Kings Terrace','dmaccorkellfh@yahoo.com','327-878-8519','6V2wkxWFA'),(559,'Auberta Larret','0994 Cottonwood Avenue','alarretfi@microsoft.com','204-951-8604','yLWD6r7'),(560,'Angie Wadmore','77454 Cardinal Circle','awadmorefj@cbslocal.com','826-270-5570','odDciNCP3'),(561,'Garrett Greenan','0 Dottie Plaza','ggreenanfk@buzzfeed.com','484-906-6839','atoeqgEKtW'),(562,'Joellyn Revening','8557 Derek Hill','jreveningfl@multiply.com','141-757-0977','poEmhmzuU'),(563,'Smith Sprake','525 Spenser Center','ssprakefm@ow.ly','294-866-0564','yoNGDFZ9Oti'),(564,'Pall Stanger','2 Schmedeman Court','pstangerfn@reuters.com','894-426-6990','aaiTIFje2E'),(565,'Carmen Cadalleder','82380 Delladonna Pass','ccadallederfo@guardian.co.uk','486-815-1939','0BP7Hgw0uSr'),(566,'Allyson Oehme','983 Spaight Alley','aoehmefp@archive.org','663-708-5988','xNF7ld'),(567,'Alanah Derges','7264 Sunfield Trail','adergesfq@google.com','345-218-3782','ZWXdVgOSaE1'),(568,'Sherill Cantillion','06952 Pepper Wood Park','scantillionfr@last.fm','649-980-2991','7eu3LM'),(569,'Ashlen Kupka','133 Prairieview Alley','akupkafs@nsw.gov.au','896-977-7285','sHr1CDGs05BQ'),(570,'Gert Bensen','272 Fulton Pass','gbensenft@princeton.edu','776-640-6729','fv4Sk6H'),(571,'Lesley Cuxson','88 Prairie Rose Crossing','lcuxsonfu@dion.ne.jp','246-408-0453','telOWEFy2Rq'),(572,'Wini Marking','61233 Shelley Trail','wmarkingfv@uol.com.br','200-482-0317','qKH1k7d04'),(573,'Kali Huffadine','42570 Holmberg Way','khuffadinefw@imgur.com','936-777-5061','gEboxu'),(574,'Almeta Izacenko','088 Farmco Crossing','aizacenkofx@smugmug.com','568-223-6971','QGDBnDx'),(575,'Kane Ibbitson','6 Prairie Rose Alley','kibbitsonfy@canalblog.com','427-517-4936','MhJOu9'),(576,'Phillipp Gayle','3818 Loftsgordon Circle','pgaylefz@harvard.edu','280-148-8646','wMBcqpbpPs'),(577,'Philis Farland','435 Clarendon Park','pfarlandg0@hhs.gov','271-368-1405','h6g4I9O5'),(578,'Hinda McNiff','19 Ryan Place','hmcniffg1@telegraph.co.uk','587-862-6280','5SLQVGEP'),(579,'Chaddy Bach','55290 Sherman Place','cbachg2@kickstarter.com','129-826-1530','7Yte3ZK'),(580,'Modesta Tredger','075 Moose Street','mtredgerg3@dion.ne.jp','126-225-6287','n3jUvzid7'),(581,'Annetta Soro','9 Cambridge Place','asorog4@canalblog.com','784-995-2749','rwdDssk5'),(582,'Ag Gilchrist','74877 Larry Road','agilchristg5@xrea.com','243-198-1674','37iMXag1'),(583,'Zorina Nardrup','5 Tennessee Trail','znardrupg6@guardian.co.uk','664-838-7143','byKXCA5EbjZ'),(584,'Jayme Greest','80755 Esch Point','jgreestg7@instagram.com','446-158-3353','QY11ebjqGp'),(585,'Abey Murison','7 Morrow Trail','amurisong8@businessweek.com','577-700-5759','HjY82zKs'),(586,'Atalanta Sawden','44 Washington Road','asawdeng9@google.com.br','344-374-4319','3Zicwhx12J'),(587,'Clemente Lindman','240 Aberg Trail','clindmanga@mediafire.com','951-707-9989','oMym0Gx'),(588,'Richmound Hounsome','928 Hauk Alley','rhounsomegb@hao123.com','942-686-8479','4Lf1voM7'),(589,'Kristine Borthe','2629 Canary Lane','kborthegc@telegraph.co.uk','860-986-6880','u1zZ02qSmMn'),(590,'Lara Grinnell','9218 Elmside Circle','lgrinnellgd@ox.ac.uk','780-149-1936','j7MlKdlk1vz'),(591,'Lesley Elijahu','4938 Basil Pass','lelijahuge@fema.gov','184-956-3111','pX4B5Do5GDj'),(592,'Nickolai Portail','9 Ridge Oak Lane','nportailgf@trellian.com','703-974-0298','hRoKI5plR'),(593,'Sorcha Keveren','66 Rutledge Plaza','skeverengg@ft.com','309-346-0364','XWGAd3fA'),(594,'Magdalen Warden','31 Bashford Hill','mwardengh@slideshare.net','403-810-6349','0uqvfari5v'),(595,'Jonathan Coats','4 Farwell Parkway','jcoatsgi@japanpost.jp','628-660-6689','afBe5JrGn1iY'),(596,'Currey Magnus','806 Oriole Crossing','cmagnusgj@51.la','117-560-7421','ZDR15q'),(597,'Michaelina Clatworthy','72 Parkside Way','mclatworthygk@wiley.com','169-201-3507','3MMai8cIlzLe'),(598,'Julie Waiton','4 Cambridge Terrace','jwaitongl@barnesandnoble.com','310-949-9544','o9ZQoizLypAC'),(599,'Belva Pattenden','3 Northland Drive','bpattendengm@1688.com','661-173-1513','AhytvRrQTkNT'),(600,'Benny Paris','1028 Cherokee Drive','bparisgn@indiatimes.com','727-338-2835','KrLkBjhKqRe'),(601,'Marrissa Reston','6 Thompson Terrace','mrestongo@lycos.com','928-551-6319','EtuzoxvZ8P'),(602,'Paxton Gander','5042 Crownhardt Circle','pgandergp@ask.com','448-964-8130','i6cDYrrz8L3h'),(603,'Neall Klimontovich','2674 Morningstar Point','nklimontovichgq@noaa.gov','992-225-0639','HuArPNWdcq4'),(604,'Tarra Brankley','01473 Independence Terrace','tbrankleygr@ovh.net','638-722-4201','jOhipj'),(605,'Jerrilyn Oxbrough','081 Acker Crossing','joxbroughgs@yale.edu','630-797-6911','77QLMwHzqLe'),(606,'Giffer Martins','2 Lien Park','gmartinsgt@furl.net','946-997-1668','div4bSeEuMJ'),(607,'Robert Kaesmakers','530 Hanover Avenue','rkaesmakersgu@usda.gov','173-476-5019','7uGLbxrBN6Mt'),(608,'Allsun Bater','86 Crownhardt Junction','abatergv@icio.us','275-316-8164','GQSArQNCA'),(609,'Neely Bagott','98846 Sycamore Trail','nbagottgw@skype.com','205-769-6073','NMoFihIvM'),(610,'Wendy Blaszczak','50 Golf View Hill','wblaszczakgx@123-reg.co.uk','489-904-4707','XA0st42'),(611,'Stevena Bartrap','319 Pine View Way','sbartrapgy@wired.com','524-934-7288','EJCWlQDq'),(612,'Wendall De Biasi','26 Lindbergh Place','wdegz@canalblog.com','624-912-5833','LJvaruPR4'),(613,'Gonzalo Agnolo','5196 Cascade Place','gagnoloh0@delicious.com','517-619-2338','3qAo6yyQjmG'),(614,'Petrina Stanlike','25 Parkside Center','pstanlikeh1@cdbaby.com','385-284-6701','p3QCbq'),(615,'Shauna Cristofanini','9 Meadow Ridge Park','scristofaninih2@tripod.com','589-674-9335','wdFTYuGrlX'),(616,'Lyda Follows','118 Swallow Crossing','lfollowsh3@bloglines.com','271-315-8026','wgmqZJI5'),(617,'Martelle Grono','1 Fieldstone Center','mgronoh4@wikispaces.com','258-811-0652','tt3w96'),(618,'Fernande Suller','767 Kenwood Park','fsullerh5@hubpages.com','937-493-9490','saeublI'),(619,'Cissy Prosch','62172 Jackson Center','cproschh6@ucla.edu','452-600-8933','cp5zqPD'),(620,'Noel O\'Gready','66 Northview Circle','nogreadyh7@google.com','731-792-4216','2tuXTHngRDj'),(621,'Glennis Copcutt','4034 Express Trail','gcopcutth8@eepurl.com','223-581-7888','53P1b1qNk'),(622,'Cheryl Duiguid','671 Manufacturers Drive','cduiguidh9@weather.com','706-638-3783','6IyPyQ'),(623,'Denny Ogley','07 Prairie Rose Avenue','dogleyha@hibu.com','117-670-8093','3YNX8lBM'),(624,'Logan Medcalfe','1752 Westridge Circle','lmedcalfehb@mapquest.com','554-347-7871','8aTKkLh'),(625,'Hughie Sorrill','0 Hermina Pass','hsorrillhc@twitpic.com','344-170-2866','G5wIIDTS0w'),(626,'Corbie Cruce','44 Anniversary Crossing','ccrucehd@china.com.cn','557-964-2383','ddf4tLV2Bve1'),(627,'Tandi Okroy','9590 Katie Trail','tokroyhe@cyberchimps.com','685-852-1944','PLCaawY'),(628,'Nelia Menlove','3 Maywood Point','nmenlovehf@ow.ly','638-419-5877','P6XZ86UJ'),(629,'Araldo Forson','449 Merchant Alley','aforsonhg@liveinternet.ru','997-606-1645','oTXc8nrZj3P'),(630,'Lothaire Spinley','2 Kennedy Way','lspinleyhh@netlog.com','511-681-7110','4eohOdS'),(631,'Virginia Stoll','2 Redwing Avenue','vstollhi@aol.com','808-363-4801','NqOHwD4Hevk'),(632,'Calli Patinkin','0 Heffernan Road','cpatinkinhj@sohu.com','597-179-9298','3QdGkj4Ca'),(633,'Sosanna Jeske','305 Morrow Pass','sjeskehk@mayoclinic.com','759-197-7859','kCtKzubRvMBL'),(634,'Evie Costen','0 Monterey Junction','ecostenhl@prweb.com','364-280-8216','qCVV3ydJMKl'),(635,'Morgan Semple','2 Eagle Crest Avenue','msemplehm@abc.net.au','655-351-8650','ai598saqxD'),(636,'Rayner Lerway','64897 Larry Alley','rlerwayhn@sfgate.com','675-828-7605','PBmUyf7BHar'),(637,'Rosamond Wansbury','56 Charing Cross Street','rwansburyho@google.de','302-281-8119','aN7hAK5w'),(638,'Jennette Dudmesh','87520 Columbus Junction','jdudmeshhp@china.com.cn','640-737-4327','F8gRdqsQ'),(639,'Catriona Golbourn','81612 Marquette Street','cgolbournhq@bing.com','647-873-4207','5uJqqrxD'),(640,'Gillan Brabham','15 Spohn Trail','gbrabhamhr@networkadvertising.org','186-102-4941','3am7iS4gS'),(641,'Abram Arnault','4 Harbort Parkway','aarnaulths@usnews.com','884-230-9878','0lEKPv7'),(642,'Dianna Muff','52 Kingsford Plaza','dmuffht@utexas.edu','484-955-1085','LWRMxaYdr'),(643,'Rozele Scouse','508 Golf Plaza','rscousehu@example.com','526-299-6662','rWWFZpd9J'),(644,'Carmelle Vautre','5 Bluejay Point','cvautrehv@illinois.edu','952-440-8230','cAyiSBB0DvB5'),(645,'Andie Sparrowhawk','51597 Portage Hill','asparrowhawkhw@jigsy.com','168-761-8798','hH5qdd9aC'),(646,'Garnet Busson','4 Independence Park','gbussonhx@microsoft.com','572-422-8797','VUsw2fg'),(647,'Sig Lucock','7874 Charing Cross Junction','slucockhy@harvard.edu','645-706-5650','vGxlYBdbT'),(648,'Theo Husthwaite','070 Dexter Alley','thusthwaitehz@google.ru','887-264-9408','kQITUeWWb2E'),(649,'Carmita Heasly','04 Hudson Road','cheaslyi0@cbc.ca','715-365-0670','4V8gUd69'),(650,'Kasper Lamps','1665 Morrow Crossing','klampsi1@bbb.org','475-861-2736','27WT2LHkC'),(651,'Merilyn Scalia','361 Myrtle Lane','mscaliai2@merriam-webster.com','389-729-8242','gkh8Kc04SW'),(652,'Vanna Fakeley','60343 Myrtle Street','vfakeleyi3@geocities.jp','887-442-1535','PB2pSvNt'),(653,'Boyce Parnham','22179 Menomonie Center','bparnhami4@ft.com','888-376-0865','FnocRKz'),(654,'Lizzie Orgel','8 Badeau Crossing','lorgeli5@opera.com','945-110-8385','PyC8IYep'),(655,'Rufe Hyslop','4838 Bonner Hill','rhyslopi6@mozilla.com','163-434-4856','n97YFc'),(656,'Madelena Lecount','96332 Sunfield Junction','mlecounti7@state.gov','869-271-2791','SHY0jYihTX'),(657,'Evan Leathard','309 Cody Terrace','eleathardi8@livejournal.com','173-324-6364','JsnkicYTRX'),(658,'Wallache Altimas','5 School Court','waltimasi9@liveinternet.ru','959-456-1657','zAdTEDpe2wt8'),(659,'Tova O\'Docherty','0 Dexter Hill','todochertyia@wordpress.com','586-492-7610','HDsIMrY'),(660,'Staffard Lydiate','0 Debra Plaza','slydiateib@biglobe.ne.jp','498-292-8826','HEXCDw0'),(661,'Daron Laise','0552 Magdeline Center','dlaiseic@livejournal.com','392-626-8142','x2CUII5Cg1n'),(662,'May Checketts','8241 Mesta Center','mcheckettsid@purevolume.com','248-171-5270','DnXZgnRF5lW1'),(663,'Rea Jerger','2 Donald Crossing','rjergerie@com.com','996-123-5416','ungmPXZ'),(664,'Ashely Keller','83230 Alpine Alley','akellerif@blogs.com','385-535-8389','GTKP0o'),(665,'Guillaume Gwilliam','6447 Memorial Way','ggwilliamig@fda.gov','379-230-7063','vnZ8TBh'),(666,'Mavis Skpsey','3469 Orin Center','mskpseyih@mapquest.com','360-605-4875','QynNTQfdQr'),(667,'Maddie Lars','8492 Coleman Road','mlarsii@nytimes.com','943-448-3228','4yFcAv35'),(668,'Kania Payle','90707 Morning Point','kpayleij@epa.gov','731-558-1307','p8LaPhzO'),(669,'Russell Toynbee','9 Duke Trail','rtoynbeeik@unicef.org','750-208-1726','Dz748n696W3B'),(670,'Fransisco Landell','81 Almo Avenue','flandellil@ucsd.edu','808-771-5492','CPBHwg0ECHhK'),(671,'Gerhardt Toulmin','1730 Loomis Alley','gtoulminim@skyrock.com','357-788-0215','xgl5qx'),(672,'Karon Bramah','45 Towne Lane','kbramahin@oaic.gov.au','716-442-6326','xJQWGw'),(673,'Godfry Defont','53 Warner Way','gdefontio@wunderground.com','632-978-9361','ZTRMKcV'),(674,'Michele Cramond','36 Upham Court','mcramondip@cbslocal.com','179-916-0063','c2GGkrH'),(675,'Brena Torrisi','227 Bultman Terrace','btorrisiiq@de.vu','537-507-2536','MSs4p1udt'),(676,'Annabella Vallentin','320 Main Center','avallentinir@unicef.org','478-150-2825','eR55Jq7Zf'),(677,'Barbaraanne Kaming','2 Victoria Place','bkamingis@joomla.org','294-648-3670','DEzji7F98'),(678,'Jacinthe Labbett','0723 Oak Park','jlabbettit@surveymonkey.com','804-595-9760','nrC2dqsU2T'),(679,'Diandra Ausiello','4 Pine View Lane','dausielloiu@miibeian.gov.cn','287-667-8846','9UtgUUmIR'),(680,'Tedra Mulryan','40 Bellgrove Place','tmulryaniv@uiuc.edu','263-927-5691','HNYeBZI'),(681,'Orson Grellis','3334 Center Point','ogrellisiw@washington.edu','806-320-9656','Od6Frn'),(682,'Evyn Richfield','5 Cherokee Court','erichfieldix@google.com.hk','412-374-7672','DbtKsV'),(683,'Rebe Ayris','97772 Petterle Avenue','rayrisiy@simplemachines.org','490-561-1233','PUvBWayIsDZ'),(684,'Aveline Sibley','8993 Porter Parkway','asibleyiz@hostgator.com','680-460-5099','IXcLhhiS8v1Q'),(685,'Nanette MacCleay','29114 Hudson Point','nmaccleayj0@theatlantic.com','602-780-5971','Xf45jA'),(686,'Arlette Holston','67582 Jana Junction','aholstonj1@springer.com','598-937-7527','O0lQZHyT'),(687,'Jake Spears','934 Corscot Lane','jspearsj2@stanford.edu','862-101-1987','srkjXMCR'),(688,'Aurthur Northern','31 Manitowish Crossing','anorthernj3@gmpg.org','107-329-6128','dQRqVlHb1IxM'),(689,'Hymie Tempest','92584 3rd Park','htempestj4@cnbc.com','117-830-8062','xcPXGshx'),(690,'Jerald Adame','30 Fuller Avenue','jadamej5@economist.com','595-517-9306','QQyuVKOOIMi2'),(691,'Syman Duigenan','7643 Hanson Center','sduigenanj6@weebly.com','263-534-7884','PgDjI0wY'),(692,'Ephraim Luard','9 Thompson Alley','eluardj7@twitter.com','553-958-5150','uSSNbkr'),(693,'Corly Hunte','280 Bartillon Parkway','chuntej8@prweb.com','695-934-0132','KkfMOy52W3'),(694,'Patty Coumbe','561 Bobwhite Circle','pcoumbej9@cocolog-nifty.com','304-778-7566','ck2sVtt1iNs'),(695,'Ulrich Swetland','1136 Cordelia Street','uswetlandja@shop-pro.jp','161-343-1753','TabrxKdEbz'),(696,'Kingsly Ethelston','63 Summer Ridge Circle','kethelstonjb@blogtalkradio.com','202-772-9828','zRWbaak'),(697,'Eldridge Greader','179 Karstens Way','egreaderjc@unesco.org','338-583-4622','213ZvEvB'),(698,'Mair Maunsell','44 Farwell Lane','mmaunselljd@bloglovin.com','792-169-9762','7OcKLv'),(699,'Jerrie Knoble','24 Crescent Oaks Drive','jknobleje@printfriendly.com','509-983-4409','OCOrKPO'),(700,'Maegan Bloodworthe','6050 Laurel Pass','mbloodworthejf@dailymail.co.uk','489-677-9718','CxbdlqfY4'),(701,'Raine Sacks','53631 Northfield Circle','rsacksjg@symantec.com','554-220-8308','WT2C63P'),(702,'Amara Ofener','39 Clemons Junction','aofenerjh@cdc.gov','494-681-4072','B2Lkkxz2g'),(703,'Thorsten Heinemann','12969 Kropf Hill','theinemannji@yolasite.com','559-681-4994','NNr2AQ0cU'),(704,'Bertie Auden','945 Onsgard Park','baudenjj@livejournal.com','353-718-5075','khfdEHzbmS'),(705,'Gilemette Chatto','72 Bartillon Avenue','gchattojk@csmonitor.com','495-173-4314','C3tOiSeq'),(706,'Rod Rymill','45317 Badeau Plaza','rrymilljl@cnet.com','297-303-3050','UqyVD2eKl7'),(707,'Dacey Carville','4 Tony Parkway','dcarvillejm@liveinternet.ru','201-683-6332','TruaO70Wqy56'),(708,'Benedetta Hembery','343 Jackson Pass','bhemberyjn@weibo.com','358-825-6025','kHRjPuYiNS'),(709,'Goldina Brettell','72985 Burning Wood Pass','gbrettelljo@columbia.edu','264-282-7573','WcQ7XMHfUp'),(710,'Jessi Harewood','778 8th Street','jharewoodjp@nbcnews.com','128-952-5995','jk8epOoxRl'),(711,'Ximenez Pallent','66257 Manley Circle','xpallentjq@toplist.cz','834-343-1503','gtiPNlDj3cRs'),(712,'Boonie Blumer','67 Surrey Park','bblumerjr@unicef.org','233-856-1513','9KA9u7jGuJ'),(713,'Tallie Littleover','68514 Starling Hill','tlittleoverjs@cdc.gov','789-740-5409','kgla6eY99DxM'),(714,'Kliment Chiswell','8 Pepper Wood Hill','kchiswelljt@latimes.com','775-895-6002','X1r1heHxzP'),(715,'Amble Aaronsohn','9551 Moose Circle','aaaronsohnju@state.gov','755-109-7193','jJI9MKtc'),(716,'Darsey Parfitt','7853 6th Trail','dparfittjv@de.vu','762-288-8400','tsCX04'),(717,'Cobby Bennoe','832 Katie Road','cbennoejw@ft.com','336-958-7096','Hrsssc7u'),(718,'Lavina Ffrench','896 Annamark Plaza','lffrenchjx@state.tx.us','271-774-1397','V2bbDZAQja65'),(719,'Aldin Farden','7872 Superior Point','afardenjy@geocities.jp','467-536-0833','0q5VuJR8vv1'),(720,'Bentlee Starkie','4737 Surrey Center','bstarkiejz@drupal.org','432-573-4579','Ac8srVX'),(721,'Ave Attewell','5207 Helena Pass','aattewellk0@jugem.jp','538-209-1830','RkSMT2ZI6'),(722,'Ilysa Koeppe','8275 Claremont Parkway','ikoeppek1@posterous.com','847-101-2569','Ez3Fia'),(723,'Cullen Cundey','97 Vermont Avenue','ccundeyk2@miibeian.gov.cn','839-428-6480','tGy5gpx'),(724,'Patty Sellick','146 Schlimgen Plaza','psellickk3@about.com','312-733-7650','5h3kDI14w2e5'),(725,'Arvie Beel','62649 Pine View Center','abeelk4@themeforest.net','839-151-2380','e5eq9mo5I6K'),(726,'Cheslie Hucks','0 Pearson Hill','chucksk5@msu.edu','951-579-5579','NMAEem6ozl83'),(727,'Arleen Jeanesson','32287 Mallard Road','ajeanessonk6@ft.com','341-239-4718','s0fUxDxXX'),(728,'Del Bignell','820 Darwin Pass','dbignellk7@theglobeandmail.com','819-893-5082','K1MBzsZ'),(729,'Ingaberg Tunney','34302 Hallows Avenue','itunneyk8@wunderground.com','915-982-7213','8Avu5yc'),(730,'Forbes Oades','44026 Michigan Point','foadesk9@sourceforge.net','664-281-7388','kxLE0j7G'),(731,'Corrie Lifton','9762 Riverside Road','cliftonka@slashdot.org','670-397-6610','FHQboIZ9Z75'),(732,'Armand McClean','0355 Caliangt Trail','amccleankb@goodreads.com','243-541-4499','EiyyqP7sfT'),(733,'Cos Aldiss','92 Michigan Pass','caldisskc@wisc.edu','165-311-3935','OuiCBjXZx'),(734,'Henriette Heinig','00 Algoma Crossing','hheinigkd@reddit.com','527-334-8136','8KRcU4P5A4AR'),(735,'Robena Dinley','05707 Scofield Place','rdinleyke@webnode.com','340-575-0911','rp6Qcrln3qCA'),(736,'Desdemona McMorland','00080 Manufacturers Circle','dmcmorlandkf@dailymotion.com','791-584-4525','pTwlqaz'),(737,'Jock Egentan','7416 Kensington Hill','jegentankg@feedburner.com','458-160-6200','z4FMTjY8Uq'),(738,'Archambault Schubbert','7 Del Sol Terrace','aschubbertkh@google.ru','285-182-3434','wKOG2s'),(739,'Cyndie Phaup','60793 Randy Park','cphaupki@sciencedaily.com','344-597-5687','hG0IuFK'),(740,'Olenka Hance','8 Corben Street','ohancekj@google.ca','634-821-0726','tU3O9N'),(741,'Fairleigh Goathrop','1423 Cardinal Place','fgoathropkk@businessinsider.com','373-980-3869','aLQiXnz'),(742,'Rubin Tedridge','655 Mallard Junction','rtedridgekl@google.ru','367-972-3342','gcacoKQdti'),(743,'Jessamine Olive','54 Packers Junction','jolivekm@bloomberg.com','539-983-0804','vQiUVe29'),(744,'Skylar Nealon','7 Dixon Pass','snealonkn@unesco.org','621-593-2450','VoYfV02'),(745,'Mitch Sancroft','49 Old Gate Parkway','msancroftko@google.com.br','228-122-3465','rMWYPi7'),(746,'Lola Gentsch','2 Judy Circle','lgentschkp@latimes.com','573-986-4648','ToJQYIa'),(747,'Leslie Jaycox','431 Buhler Place','ljaycoxkq@webnode.com','462-997-0275','CDWs2fhRxTJ'),(748,'Rozina Klassman','45833 John Wall Avenue','rklassmankr@cafepress.com','155-320-5682','xTScGMQ'),(749,'Norry Ferrers','4 Bluestem Hill','nferrersks@mapquest.com','193-632-7959','UY9XP5713'),(750,'Carma Sorrell','2687 Schlimgen Lane','csorrellkt@miitbeian.gov.cn','221-260-1242','RDZ0vf'),(751,'Gaultiero Larman','843 Village Green Crossing','glarmanku@nsw.gov.au','908-926-4062','Xw1FQIEIh'),(752,'Caitrin Mather','1494 Spenser Crossing','cmatherkv@imgur.com','202-790-1240','Qk1C3Aw'),(753,'Kore Buntine','0 Susan Parkway','kbuntinekw@amazon.co.uk','111-490-9294','fff5DJOBV'),(754,'Carlene Sleeman','83524 Kenwood Alley','csleemankx@usnews.com','585-538-9841','wm2LEYuOh'),(755,'Tamarah Rusbridge','3 Tennyson Court','trusbridgeky@tuttocitta.it','518-145-2379','zlliULkVh4'),(756,'Davon Pietasch','6 Messerschmidt Drive','dpietaschkz@apache.org','742-214-6538','pBjQgEYDgSeo'),(757,'Ola Exer','5 Hintze Trail','oexerl0@virginia.edu','662-991-7696','HZH2OjFk1'),(758,'Kelcie Dyball','333 Blue Bill Park Way','kdyballl1@woothemes.com','636-595-3156','SbnO4CBeZP'),(759,'Breanne Sprowle','1941 Walton Alley','bsprowlel2@acquirethisname.com','423-732-1543','eRsHoscu'),(760,'Tandie Taffley','21 Graedel Crossing','ttaffleyl3@privacy.gov.au','243-583-0783','m1sEUQ8wt'),(761,'Ezra Onthank','31 Johnson Trail','eonthankl4@creativecommons.org','597-533-9387','6Z30Yuei'),(762,'Denny Blomefield','004 Bultman Plaza','dblomefieldl5@sourceforge.net','188-324-3504','YOGzCC'),(763,'Evvy Tong','3735 Emmet Park','etongl6@ucla.edu','223-265-1708','3TihbyMyO'),(764,'Etty Netherclift','57549 Sachtjen Plaza','enethercliftl7@weibo.com','674-686-3500','rbsnI6UAY12'),(765,'Eudora Goodwin','483 Forest Lane','egoodwinl8@comsenz.com','628-109-3607','SamAb68T0rB'),(766,'Gloriana Amos','8 Parkside Crossing','gamosl9@auda.org.au','525-714-6464','M6cvH9'),(767,'Diego Spender','483 Hagan Plaza','dspenderla@adobe.com','978-172-6845','bVwlbCyYH'),(768,'Ailina Prewer','90 Packers Alley','aprewerlb@sitemeter.com','247-824-0470','6BHWVwjt'),(769,'Norri Alster','5 Garrison Alley','nalsterlc@mail.ru','666-378-2373','R4OihMGh'),(770,'Blithe Kinnerk','591 Armistice Lane','bkinnerkld@xrea.com','196-670-5806','p1aIZot'),(771,'Magda Foucher','46 Rockefeller Way','mfoucherle@twitpic.com','461-943-8904','8pLRr2O8'),(772,'Deeyn Ferrarotti','8589 Springs Trail','dferrarottilf@github.io','964-805-6025','kOlSr9dXSaz'),(773,'Ailee Pasticznyk','7974 Quincy Avenue','apasticznyklg@goo.ne.jp','155-355-0540','AZ2mbRZ'),(774,'Leroi Phillis','643 Buell Court','lphillislh@abc.net.au','114-863-3321','4J9yt1a9'),(775,'Huntington Rizzillo','26 Arkansas Place','hrizzilloli@berkeley.edu','832-631-2743','7g36bTpUKSa'),(776,'Berget Trimme','8805 Ridgeway Point','btrimmelj@t-online.de','220-683-6734','AMoPT5'),(777,'Magda O\'Leary','0158 Marcy Pass','molearylk@omniture.com','454-672-9346','7KVUp5'),(778,'Tonnie Tyrwhitt','11754 Scott Drive','ttyrwhittll@wix.com','621-794-1498','sC2Ymn'),(779,'Netta Saunders','13 Gateway Way','nsaunderslm@oaic.gov.au','934-746-0385','qvs1D7'),(780,'Ruby Coldman','595 Cherokee Court','rcoldmanln@indiegogo.com','192-382-3235','kgW3o17E'),(781,'Dietrich Sextie','85600 School Plaza','dsextielo@cdc.gov','447-595-7279','B7AsJ6Lr'),(782,'Peggi Juggins','6 Wayridge Pass','pjugginslp@irs.gov','156-304-9635','c94bC3prPfs'),(783,'Rahal Bernat','7 School Road','rbernatlq@sogou.com','949-246-5486','176a0f2m5fK'),(784,'Lauryn Greenside','2 Buena Vista Junction','lgreensidelr@altervista.org','764-101-7648','zGtIksE0u9aW'),(785,'Rod English','4 Arizona Plaza','renglishls@yandex.ru','905-150-3328','IWYsCigJF'),(786,'Moselle Lambert','24 Holy Cross Hill','mlambertlt@un.org','407-147-5440','ihUjHP7u'),(787,'Lesli Pearn','35012 Longview Way','lpearnlu@msn.com','841-470-8938','2A2l2xM5Mh'),(788,'Clarance Howler','180 Jenna Alley','chowlerlv@discovery.com','225-955-2149','QX1cjhYe'),(789,'Morissa Beachamp','23789 Debs Crossing','mbeachamplw@cbslocal.com','231-644-7077','Fu7Euu1zbKl'),(790,'Waylan Cultcheth','7 Toban Street','wcultchethlx@google.com.hk','806-620-7220','vPHVDjOsSA'),(791,'Abigail Chardin','3290 Blackbird Pass','achardinly@privacy.gov.au','146-131-2293','8boERnrFMgD'),(792,'Lenci Sparwell','81118 Dryden Way','lsparwelllz@people.com.cn','947-662-9673','oB44jXHOri'),(793,'Ruggiero Redihalgh','040 Clemons Point','rredihalghm0@marketwatch.com','188-544-3945','KXuVxoKIclPz'),(794,'Wendel Melby','80453 Mifflin Center','wmelbym1@skyrock.com','716-116-5286','QKsNXD0pBHau'),(795,'Jermaine Birtles','183 Bunker Hill Lane','jbirtlesm2@dmoz.org','456-377-1937','Xrc2czYb3EgG'),(796,'Emmalee Bartolomucci','157 Rowland Place','ebartolomuccim3@live.com','282-996-4762','3vvtrnC7qBS'),(797,'Andree Abelson','70167 Monterey Crossing','aabelsonm4@nba.com','251-818-5926','NKB0oQmB'),(798,'Mariska Jovey','426 Heffernan Circle','mjoveym5@un.org','414-882-0818','UxabkyFPHuMI'),(799,'Juli Callen','55 Vidon Parkway','jcallenm6@spotify.com','147-133-8598','D2Dxmi'),(800,'Glen Aliberti','7734 Jackson Court','galibertim7@nydailynews.com','391-538-1521','C4OleI7brAK'),(801,'Hilary Berggren','2 Kingsford Hill','hberggrenm8@theglobeandmail.com','493-566-3184','FJyZilEcP'),(802,'Darcey Attewell','32 Schmedeman Terrace','dattewellm9@google.com','649-290-6811','EUwR2rhoYo4b'),(803,'Aurelie Shwalbe','675 Grayhawk Park','ashwalbema@mediafire.com','961-647-4536','eBGnPvFLs'),(804,'Doralynn Sedge','0 Pawling Junction','dsedgemb@whitehouse.gov','940-316-5543','x93mygFu'),(805,'Christoph Corain','61 Anniversary Pass','ccorainmc@hc360.com','511-756-1528','omtWqUaN7T'),(806,'Babette Goggin','27487 Darwin Point','bgogginmd@imdb.com','235-409-6804','O11mC4kV'),(807,'Rollins Disney','5 Clove Terrace','rdisneyme@is.gd','555-582-5907','6N9VdR3sNDN'),(808,'Miner Prue','85 Mosinee Way','mpruemf@engadget.com','204-423-6152','H4ia6fqno7R'),(809,'Sela Carah','08603 New Castle Plaza','scarahmg@list-manage.com','250-244-0208','csOqBifC'),(810,'Vikky Garmon','9660 East Plaza','vgarmonmh@cargocollective.com','788-486-4624','y5CKGi1e'),(811,'Danella Orritt','2 Gateway Avenue','dorrittmi@washingtonpost.com','864-275-6303','680c8lRZc5xi'),(812,'Izak Bridywater','3 Florence Place','ibridywatermj@diigo.com','321-814-2703','vXzokpV'),(813,'Cicily Plowright','69 Stoughton Court','cplowrightmk@jigsy.com','249-922-5350','ggKXTOmXp'),(814,'Munmro Cortes','39686 Blue Bill Park Place','mcortesml@ca.gov','812-649-6765','16zn4sdnGcoY'),(815,'Gustavus Wybrew','36 Birchwood Lane','gwybrewmm@seattletimes.com','815-561-3921','r4v2DIJ3ab4f'),(816,'Ellerey Nevett','84088 Marquette Park','enevettmn@census.gov','685-960-2954','bXTHQ2'),(817,'Jorey Gunson','09 Corry Park','jgunsonmo@diigo.com','144-546-6672','NvibNdGb6Ne'),(818,'Fidelity Scrivner','22 Bowman Point','fscrivnermp@xrea.com','121-905-5549','TDaavL39'),(819,'Lemmy Eltune','30 Chive Court','leltunemq@ovh.net','425-808-1749','eV6ZVVTWY'),(820,'Melony Fiorentino','50558 Reindahl Park','mfiorentinomr@hibu.com','174-720-3478','Ddaclcp'),(821,'Eula Shelley','8686 Farwell Center','eshelleyms@g.co','645-779-9912','egfxtu'),(822,'Dolorita Doswell','70 Ludington Junction','ddoswellmt@bloglovin.com','713-235-0734','tGth4V91xUHR'),(823,'Elmer Rodell','33 Vernon Alley','erodellmu@sina.com.cn','863-930-4304','yDxyrh6yEY8A'),(824,'Auberta Bladen','9859 Lyons Parkway','abladenmv@mac.com','597-618-9814','3Fi60isf0'),(825,'Tomi Rainville','82 Union Plaza','trainvillemw@hhs.gov','975-833-7155','tR9IuJG'),(826,'Alvan Bollands','743 8th Trail','abollandsmx@reuters.com','553-606-2204','qHK5o4S3dC6'),(827,'Elyn Borland','9 Fuller Place','eborlandmy@deliciousdays.com','396-340-1728','S6ozGgxMi'),(828,'Jerald Futter','97069 Hoffman Road','jfuttermz@si.edu','757-884-1725','tIkMwEAmF3CE'),(829,'Mart Rupel','1616 Express Point','mrupeln0@infoseek.co.jp','971-318-1360','g2yc3Qqr'),(830,'Beryl Firmage','0039 Loomis Parkway','bfirmagen1@icio.us','713-187-4083','Hx7qzb4bt0y'),(831,'Domenico MacRirie','8187 Pine View Hill','dmacririen2@stanford.edu','517-104-2861','wQntXxNsn'),(832,'Clemmie Obell','58770 Annamark Junction','cobelln3@ning.com','470-293-0550','52imboB974Kt'),(833,'Huey Blodgett','35 Sherman Alley','hblodgettn4@techcrunch.com','736-273-3180','kdBPFB3VzefL'),(834,'Abelard Lynthal','0090 Delaware Point','alynthaln5@bigcartel.com','798-587-6261','sDt69eQe04q0'),(835,'Odell Tichelaar','1 Talmadge Drive','otichelaarn6@mit.edu','119-519-8291','ymYI1oioF90'),(836,'Rosella Turgoose','012 Shasta Point','rturgoosen7@chicagotribune.com','505-247-3696','tlQIy3laB'),(837,'Renell Schimpke','9834 Orin Hill','rschimpken8@google.fr','949-416-6184','oZY0u37S'),(838,'Rowena McKiernan','63292 Mifflin Parkway','rmckiernann9@privacy.gov.au','441-473-3169','DUpbemXSQ'),(839,'Roger Mullan','161 Derek Alley','rmullanna@boston.com','702-197-0711','BzkGSMUhQ2'),(840,'Edan Basnett','1 Saint Paul Center','ebasnettnb@ftc.gov','792-315-7412','Ge4D24bjt'),(841,'Dian Hibbart','6243 Bunting Trail','dhibbartnc@xrea.com','394-395-3299','qAVkJRSWPd'),(842,'Izzy Dowsing','34 Acker Plaza','idowsingnd@bbb.org','490-903-1517','aKURU9A'),(843,'Sheba Mariot','0 Oriole Center','smariotne@illinois.edu','128-802-6408','cm0vI2'),(844,'Cariotta Devennie','5677 Lake View Point','cdevennienf@guardian.co.uk','473-446-8031','cjfpqELHolt'),(845,'Vinny Baseley','058 Basil Parkway','vbaseleyng@ca.gov','298-587-9673','3DuncBowaZ8'),(846,'Christalle Jaspar','713 Luster Road','cjasparnh@deviantart.com','537-965-3190','g3P1jSBR1'),(847,'Lucie Bissatt','63768 East Circle','lbissattni@berkeley.edu','415-542-6828','HbW52Qo'),(848,'Amitie Gaitley','98 Shopko Crossing','agaitleynj@csmonitor.com','406-144-5890','uZacgrjYe7Cb'),(849,'Abigael Whitland','9145 Sunbrook Trail','awhitlandnk@nydailynews.com','313-413-7842','MQ9zU2s4'),(850,'Roderic De la Yglesia','2 Pine View Park','rdenl@ted.com','568-812-7659','YsVpXynOHzw'),(851,'Jacinta Caulcutt','41 Norway Maple Hill','jcaulcuttnm@chron.com','545-215-0227','GwHalcmk9lh'),(852,'Oby Kerrod','126 Eggendart Center','okerrodnn@howstuffworks.com','304-948-1349','NFvlNdum'),(853,'Alexandr Spinige','91 Saint Paul Trail','aspinigeno@list-manage.com','311-595-5124','BqOw1t'),(854,'Andy Instrell','1894 Hauk Place','ainstrellnp@ifeng.com','380-496-8463','ouGZEyupp3S'),(855,'Avram Carragher','1 Kinsman Circle','acarraghernq@trellian.com','505-145-9015','utrYayP'),(856,'Fanchette Jansen','85092 Chinook Lane','fjansennr@walmart.com','858-574-9456','TNoGKGl2SSCa'),(857,'Ardella Binfield','766 Jana Hill','abinfieldns@webs.com','591-853-1778','wiXiNe'),(858,'Demetri Spinnace','577 Messerschmidt Way','dspinnacent@blinklist.com','775-591-2309','G7z3cB9b'),(859,'Christoper Starcks','7832 Sycamore Lane','cstarcksnu@histats.com','506-918-9336','n71jboOW'),(860,'Marwin Hawtrey','753 Forest Dale Drive','mhawtreynv@nih.gov','581-692-1034','xovJGL'),(861,'Ingeberg Aldersley','0 Petterle Point','ialdersleynw@blogs.com','166-911-7386','3OzVZRz7'),(862,'Marji Jameson','27182 Lindbergh Place','mjamesonnx@nsw.gov.au','858-523-1335','T7emBGhD8fi'),(863,'Loria Elph','62 Boyd Crossing','lelphny@w3.org','718-960-5193','svfJNOHonNG'),(864,'Norris Benardeau','4184 Wayridge Way','nbenardeaunz@zdnet.com','860-417-8862','aTiHRL6'),(865,'Noak Spyvye','7 Old Shore Place','nspyvyeo0@cornell.edu','142-819-6735','H6tKcn2f5Y'),(866,'Rodge McKenna','3 Corben Park','rmckennao1@nytimes.com','473-958-8292','PlHWGyy2SH9n'),(867,'Ursola Kerrane','6661 Manitowish Trail','ukerraneo2@i2i.jp','845-783-6059','9D2xBDgOy'),(868,'Karrie Curtois','0599 Hermina Drive','kcurtoiso3@yahoo.co.jp','821-270-9816','svlToejn07J'),(869,'Rolando Pietrzak','675 Bluejay Point','rpietrzako4@bandcamp.com','712-566-6764','JZeYhVl7'),(870,'Bing Alu','42 Manitowish Alley','baluo5@xinhuanet.com','928-997-4150','EsNCnEAj'),(871,'Forrester Bonnavant','282 Thackeray Trail','fbonnavanto6@blog.com','225-926-4543','vjEX2UP2KN7'),(872,'Katey Breslin','05846 Bellgrove Terrace','kbreslino7@de.vu','336-249-4025','UEdB7N0i'),(873,'Christoph Hanley','72510 Scofield Way','chanleyo8@ucoz.ru','313-585-4088','Z94dyUmg8KPB'),(874,'Josi Elcombe','7 High Crossing Court','jelcombeo9@ucsd.edu','400-161-5951','c9Gfc3I'),(875,'Gilberta Bartos','474 Merry Street','gbartosoa@yellowpages.com','294-367-7808','bbtg6j4Xt'),(876,'Jessalyn Calvey','4 Morrow Terrace','jcalveyob@techcrunch.com','629-978-5751','VOTuW5kxxhP0'),(877,'Jandy Bomfield','55 Dennis Drive','jbomfieldoc@cpanel.net','876-218-2141','Wf97fAtm'),(878,'Bevon Norkett','69373 Moulton Crossing','bnorkettod@drupal.org','143-573-5785','Zlt9PA6jn'),(879,'Gardner Chislett','47836 Utah Junction','gchislettoe@mayoclinic.com','555-301-3532','A8hPbEEcId6'),(880,'Ellette Valentinuzzi','7 Sutherland Crossing','evalentinuzziof@de.vu','532-827-2712','ix2cv7SF'),(881,'Kingsly Normavell','3 Straubel Junction','knormavellog@blogs.com','201-652-6769','wmUqp21fclkm'),(882,'Elias Lambie','7893 Blaine Center','elambieoh@hostgator.com','616-965-8855','3dJW6S2ImCvP'),(883,'Mozelle Hallex','905 Cambridge Hill','mhallexoi@creativecommons.org','770-389-4825','y2lY9k'),(884,'Bathsheba Battista','142 Lakewood Gardens Avenue','bbattistaoj@mtv.com','420-495-3597','kFlUWf6y'),(885,'Myrtle Cadding','24875 Dayton Drive','mcaddingok@furl.net','806-292-3597','ADG5JSn3034F'),(886,'Garreth Falla','50108 Iowa Pass','gfallaol@cam.ac.uk','717-132-9129','HyaIGACsS7En'),(887,'Jesse Whiston','23 Cascade Pass','jwhistonom@google.nl','339-422-6647','3WPal0ZKz'),(888,'Cyndy Goulstone','19469 Almo Plaza','cgoulstoneon@eepurl.com','820-456-8139','zKalJMnp0DXH'),(889,'Samantha Crocket','756 Wayridge Center','scrocketoo@privacy.gov.au','690-537-9739','Qfk69c6qG3'),(890,'Judas Bellward','3005 Green Court','jbellwardop@cnet.com','616-849-1611','KXoAUauauXnM'),(891,'Nadine Bravery','68637 Colorado Park','nbraveryoq@dyndns.org','680-363-1991','vcVcT5'),(892,'Orren Wyche','212 Mayfield Plaza','owycheor@qq.com','219-783-3715','JpDFUlcXiT'),(893,'Abbe Bawcock','997 Monterey Junction','abawcockos@techcrunch.com','802-853-0557','pRrpsiCQSs'),(894,'Ethe Keatley','98 Sugar Avenue','ekeatleyot@jiathis.com','180-154-9219','eFPxhm'),(895,'Imojean De La Haye','69 Mariners Cove Way','ideou@joomla.org','975-685-4580','MZddpshqKY'),(896,'Marlee Faivre','9 Bowman Park','mfaivreov@ehow.com','852-678-7938','PXa04BZQ0ZMA'),(897,'Bailey Danne','4 Linden Alley','bdanneow@cafepress.com','245-493-0648','ZQdFNRk'),(898,'Roslyn Doxey','2 Columbus Alley','rdoxeyox@a8.net','111-450-8845','DqwENmsgfH'),(899,'Querida Battaille','8 Dahle Plaza','qbattailleoy@reddit.com','838-743-3853','8bHPomy'),(900,'Gilli McCromley','9 Morning Center','gmccromleyoz@kickstarter.com','206-986-9233','7dI6lPHd6w'),(901,'Rosemary Blumer','67026 Jana Street','rblumerp0@wsj.com','996-550-3300','oHgA4Yg4skkg'),(902,'Fonzie Sautter','23 Nobel Terrace','fsautterp1@sciencedaily.com','264-525-8892','yCkkGDQwihp'),(903,'Happy Lamas','6 Armistice Pass','hlamasp2@privacy.gov.au','229-200-0728','lWOXYZ'),(904,'Anderea Munsey','8495 American Ash Crossing','amunseyp3@ucsd.edu','839-365-7269','YRh1sTp1A2P'),(905,'Town Dumingos','22456 Lunder Court','tdumingosp4@thetimes.co.uk','314-543-6570','4kB84oQ'),(906,'Audrey Gowanlock','583 Algoma Lane','agowanlockp5@google.it','965-149-6733','mQosAphdYJy'),(907,'Papagena Andrieu','3167 Autumn Leaf Court','pandrieup6@netvibes.com','970-412-3689','GgnnlIF1wZ'),(908,'Genevra Igoe','746 Duke Hill','gigoep7@bloomberg.com','118-227-8374','3x3gKRk2PCM'),(909,'Nydia Niemetz','60 Loftsgordon Trail','nniemetzp8@ask.com','988-834-7636','eihHxwDCeY'),(910,'Aloisia Kopfer','7890 Dawn Way','akopferp9@tinypic.com','452-888-9627','rQITxM'),(911,'Inez Trumper','472 Summer Ridge Street','itrumperpa@msu.edu','373-967-4657','xeijdRIfrFsG'),(912,'Doralyn Nottle','0 Miller Hill','dnottlepb@facebook.com','226-284-7931','4SvZcpNzvJw'),(913,'Ewen Toplis','20 Lakewood Place','etoplispc@independent.co.uk','449-875-1657','VXbkq9CfRW'),(914,'Wendel Menault','122 Golf Court','wmenaultpd@mayoclinic.com','545-286-8090','3Ulfe93Cs'),(915,'Nicky Woods','13 Bellgrove Alley','nwoodspe@jalbum.net','121-209-8014','15kuV7FAaAB'),(916,'Kai Malins','4 Swallow Pass','kmalinspf@freewebs.com','161-706-5905','mWxY25pP1OFO'),(917,'Shandee Pollie','5 Mayer Avenue','spolliepg@deviantart.com','155-740-9892','91S7PJH6'),(918,'Viole Baxster','06328 Manitowish Terrace','vbaxsterph@disqus.com','619-109-7518','kgOiLAxoii'),(919,'Garth Eaddy','2321 Village Park','geaddypi@webeden.co.uk','925-796-9203','Knfopj'),(920,'Vallie Gentile','82 1st Court','vgentilepj@toplist.cz','854-762-7113','KSmgVux8'),(921,'Chip Rosenhaus','769 Rieder Way','crosenhauspk@mlb.com','328-444-1873','qu5T26EXhP'),(922,'Koralle Odhams','80 Troy Park','kodhamspl@nationalgeographic.com','344-892-9941','qO8GKjmwFs'),(923,'Caty Triebner','99242 Spohn Alley','ctriebnerpm@columbia.edu','542-529-0977','G66E6n'),(924,'Axe Hakes','659 Commercial Way','ahakespn@nba.com','791-787-6164','5UB8AuYLr'),(925,'Hardy Sautter','5718 Buhler Lane','hsautterpo@mac.com','201-106-5865','BYbuwz3'),(926,'Marlin Everex','12914 Burrows Plaza','meverexpp@technorati.com','231-688-2172','cGzDgFviTu'),(927,'Tami Zorer','8348 Eagan Road','tzorerpq@163.com','836-609-7355','EiEgfPTbY'),(928,'Hersch Jope','61 Stephen Street','hjopepr@cbslocal.com','584-120-0771','dEWtWcuQRG'),(929,'Jaime Chapell','474 Holmberg Street','jchapellps@surveymonkey.com','860-732-6106','UxrY3IkRt2j'),(930,'El Chamberlain','1969 Coolidge Pass','echamberlainpt@mapy.cz','559-948-0137','IgBih2F8'),(931,'Collie Burniston','434 Gina Circle','cburnistonpu@abc.net.au','232-167-2062','wTIojIke'),(932,'Anestassia Tregale','4205 Surrey Park','atregalepv@4shared.com','654-620-1143','CvhteKqz'),(933,'Berget Grayshon','1325 Bowman Junction','bgrayshonpw@moonfruit.com','975-633-2163','DnzTRh'),(934,'Brigitte Pentin','0 2nd Way','bpentinpx@google.de','214-945-4661','JnLEjcREfMd'),(935,'Andrea Leyburn','54441 Hazelcrest Hill','aleyburnpy@acquirethisname.com','469-901-4731','lYs1ULPpOMP'),(936,'Lolita Watson','599 Commercial Drive','lwatsonpz@miibeian.gov.cn','603-591-7317','L0ju9NsbeYsH'),(937,'Ignaz Lucchi','417 Randy Court','ilucchiq0@mapquest.com','702-144-4692','9Jk836X'),(938,'Valentin De Santos','88 Towne Plaza','vdeq1@adobe.com','312-493-7668','GGPey65'),(939,'Trina Rouge','65146 7th Junction','trougeq2@reuters.com','221-663-1582','rGSGYU1'),(940,'Marquita Bretland','617 Vera Plaza','mbretlandq3@free.fr','584-744-4592','1WlEEEedkzs2'),(941,'Judas Bastard','4342 Drewry Junction','jbastardq4@google.cn','982-843-6655','IrHLno'),(942,'Archaimbaud Gauford','91 Delladonna Circle','agaufordq5@imgur.com','334-606-5253','ts42HFK'),(943,'Fabio Owen','8 Loeprich Terrace','fowenq6@netscape.com','779-754-3348','KmLgVvMwAwV'),(944,'Lyndsay Nilges','189 Superior Terrace','lnilgesq7@cloudflare.com','565-123-3379','DiBSZRIL4M'),(945,'Raynor Bradlaugh','7 Erie Court','rbradlaughq8@networkadvertising.org','832-861-7129','xhWMdp6TX'),(946,'Nikoletta Wraighte','046 Sunfield Center','nwraighteq9@google.ru','531-937-4695','Ez0bbntbbXIk'),(947,'Honor Phipp','4 Nancy Lane','hphippqa@yahoo.co.jp','490-191-5862','XRbxChF3'),(948,'Nikkie Presswell','604 Warner Crossing','npresswellqb@engadget.com','289-887-5754','cOlIqXi'),(949,'Jami Lehrer','2 Crownhardt Avenue','jlehrerqc@ehow.com','920-277-5890','ZYX8v3Y8'),(950,'Zechariah Wynch','234 Fairfield Crossing','zwynchqd@rambler.ru','625-191-4979','3TJhKwdO'),(951,'Frederigo Ramirez','9920 Montana Terrace','framirezqe@github.com','757-275-3025','XMGFC7w'),(952,'Lynne Penkman','573 Orin Alley','lpenkmanqf@ycombinator.com','933-504-0394','B1pBt75A3'),(953,'Vita Spawell','2 Myrtle Place','vspawellqg@comsenz.com','637-385-6307','IKsdEaoM'),(954,'Thurstan Nordass','04091 Spohn Alley','tnordassqh@globo.com','723-537-7643','wSXJQE'),(955,'Petra Lound','4109 Harbort Parkway','ploundqi@irs.gov','973-400-5519','YgP5aZ'),(956,'Max Letteresse','62192 Sugar Hill','mletteresseqj@economist.com','506-243-0958','pIjRoojIL6'),(957,'Lamont Gilbart','78551 Raven Way','lgilbartqk@wp.com','508-522-1341','TZQ2Vk56'),(958,'Kalina Rogerot','97 Upham Plaza','krogerotql@sbwire.com','215-889-7683','sTxCsNBGqtdD'),(959,'Marianne Konig','9 Bay Park','mkonigqm@cdc.gov','248-275-2898','XGXqUOSY'),(960,'Stanwood Serot','61847 Loeprich Court','sserotqn@addthis.com','725-449-3014','PDwoBl6TL'),(961,'Rachael Bucky','04 Cody Street','rbuckyqo@telegraph.co.uk','779-871-1984','tr42jI'),(962,'Rivkah Waterstone','06 Cascade Court','rwaterstoneqp@printfriendly.com','514-313-2260','EGz5weLpMdy'),(963,'Peta Mundle','5 Hermina Plaza','pmundleqq@cyberchimps.com','535-433-0686','Gj0kFgV'),(964,'Anet Aimson','3623 Commercial Avenue','aaimsonqr@disqus.com','117-895-9437','NRKW49x'),(965,'Noelle Hancell','52 Eliot Street','nhancellqs@disqus.com','813-492-2811','Ut4BfXh'),(966,'Sheff Madill','466 Meadow Valley Street','smadillqt@angelfire.com','392-818-3571','jOvMczGX2D'),(967,'Lock Stanway','80758 Scott Park','lstanwayqu@chronoengine.com','489-625-3470','WcO2pK'),(968,'Wit Backshill','6 Drewry Place','wbackshillqv@unblog.fr','786-168-0966','iSHHJvPJ0Cm'),(969,'Simonne Black','5 Hermina Junction','sblackqw@odnoklassniki.ru','467-467-5368','le7wdymGab4'),(970,'Theodor Bysouth','11 Heffernan Circle','tbysouthqx@sina.com.cn','475-870-1278','xJES6c'),(971,'Tobias Bleckly','1746 Jenna Circle','tblecklyqy@apache.org','260-353-3575','o4oz3nmsh'),(972,'Matthias Hamal','64359 American Alley','mhamalqz@live.com','436-346-6261','8a0jA0KH7w'),(973,'Randi Reichert','189 Dennis Pass','rreichertr0@github.io','665-530-1082','TrnM2Nij3Mn'),(974,'Pincas Blenkhorn','280 Maywood Way','pblenkhornr1@boston.com','616-342-3627','OXcCU6q'),(975,'Kory Figurski','825 Summer Ridge Center','kfigurskir2@narod.ru','411-571-2904','Q9aiAUsor'),(976,'Arron Leonard','71873 Welch Center','aleonardr3@goo.ne.jp','936-537-9549','uBHrLp2r'),(977,'Jasmina Bank','61912 Hanover Street','jbankr4@imdb.com','662-106-5035','keew4IlGRZfE'),(978,'Web Costelow','5557 Myrtle Center','wcostelowr5@cbc.ca','627-130-9956','MGrQWzEGnOs'),(979,'Kira Birchenhead','387 Fairview Trail','kbirchenheadr6@mit.edu','892-822-7489','Ra4wNFG'),(980,'Geri Glusby','8 Holy Cross Pass','gglusbyr7@buzzfeed.com','248-866-9926','wr5QUqD'),(981,'Luella Petroff','17 Norway Maple Lane','lpetroffr8@washingtonpost.com','818-728-2921','lz7KrAFc5'),(982,'Iona Cisland','88 Pepper Wood Way','icislandr9@people.com.cn','590-972-8810','D8z8AEAvah8'),(983,'Bryce Argontt','05865 Commercial Point','bargonttra@google.fr','480-868-1016','Qi1dPz'),(984,'Hubert Farlowe','179 Erie Place','hfarlowerb@ftc.gov','352-953-3259','Gvo6qWcR9W'),(985,'Antoinette Baylay','3 Corscot Crossing','abaylayrc@weather.com','472-378-1218','VAnhsS16'),(986,'Harley Stampe','726 Delladonna Lane','hstamperd@nyu.edu','204-399-3330','E03CI2RaR7og'),(987,'Yoshi Filippone','0617 Hagan Junction','yfilipponere@biblegateway.com','325-865-2978','M0cc8XQ'),(988,'Aloisia Lambell','6 Vera Plaza','alambellrf@aol.com','694-147-5928','SQiAWnygJHU'),(989,'Myrna Pethrick','501 Express Pass','mpethrickrg@dedecms.com','176-420-6232','Fcwg7pZ8ca'),(990,'Elisa Binning','9 Gerald Street','ebinningrh@istockphoto.com','372-304-1590','uDGF1bb'),(991,'Thekla Melloi','9 Judy Junction','tmelloiri@typepad.com','646-905-1862','YhlTa4'),(992,'Joana Vigors','4 Westend Pass','jvigorsrj@theglobeandmail.com','229-717-1759','yt19bYxeqM'),(993,'Ody Probbings','361 Magdeline Hill','oprobbingsrk@yellowbook.com','551-271-3871','BnML97Xy'),(994,'Appolonia MacFie','06022 Forster Park','amacfierl@samsung.com','977-968-1001','pn6OkNKhHEZ9'),(995,'Maurise Riply','1197 Marcy Point','mriplyrm@google.it','327-278-5600','AlqqQmmAqFtf'),(996,'Emile Arguile','2336 Commercial Hill','earguilern@about.me','575-168-2624','sTxf71mqBR8j'),(997,'Farlie Loft','3447 Karstens Drive','floftro@boston.com','695-540-7491','Qej8zPy'),(998,'Lottie Gouthier','2 Sherman Lane','lgouthierrp@comcast.net','717-593-0771','Xo47F0qNHfi'),(999,'Nels Cunah','5641 Heffernan Plaza','ncunahrq@omniture.com','417-483-9995','xb6E5rCOR1'),(1000,'Tarrance Pendall','46 Stang Avenue','tpendallrr@smugmug.com','589-973-7927','99ttomc');
/*!40000 ALTER TABLE `Customer` ENABLE KEYS */;
UNLOCK TABLES;

--
-- Table structure for table `Order`
--

DROP TABLE IF EXISTS `Order`;
/*!40101 SET @saved_cs_client     = @@character_set_client */;
/*!50503 SET character_set_client = utf8mb4 */;
CREATE TABLE `Order` (
  `OrderID` int unsigned NOT NULL AUTO_INCREMENT,
  `CustomerID` int unsigned NOT NULL,
  `OrderDate` date NOT NULL,
  `Return` varchar(5) CHARACTER SET utf8mb4 COLLATE utf8mb4_bin DEFAULT NULL,
  `ShippingAddress` varchar(45) NOT NULL,
  `DeliveryDate` date GENERATED ALWAYS AS ((`OrderDate` + interval 2 day)) VIRTUAL,
  PRIMARY KEY (`OrderID`),
  KEY `CustomerID_idx` (`CustomerID`) USING BTREE,
  CONSTRAINT `order_ibfk_1` FOREIGN KEY (`CustomerID`) REFERENCES `Customer` (`CustomerID`) ON DELETE CASCADE ON UPDATE CASCADE
) ENGINE=InnoDB AUTO_INCREMENT=191 DEFAULT CHARSET=utf8mb4 COLLATE=utf8mb4_0900_ai_ci;
/*!40101 SET character_set_client = @saved_cs_client */;

--
-- Dumping data for table `Order`
--

LOCK TABLES `Order` WRITE;
/*!40000 ALTER TABLE `Order` DISABLE KEYS */;
INSERT INTO `Order` (`OrderID`, `CustomerID`, `OrderDate`, `Return`, `ShippingAddress`) VALUES (1,699,'2020-01-02','0','44986 Claremont Place'),(2,642,'2020-01-05','0','4 Longview Park'),(3,817,'2020-01-07','0','75528 Magdeline Point'),(4,324,'2020-01-08','0','3969 Grasskamp Drive'),(5,107,'2020-01-10','0','6 Dovetail Lane'),(6,599,'2020-01-12','0','23931 Stoughton Avenue'),(7,41,'2020-01-12','0','55750 Briar Crest Avenue'),(8,848,'2020-01-16','0','25 Aberg Parkway'),(9,42,'2020-01-18','0','88542 Susan Circle'),(10,148,'2020-01-18','0','27 Dottie Road'),(11,643,'2020-01-21','0','63228 Green Ridge Point'),(12,387,'2020-01-23','0','1408 Bonner Crossing'),(13,305,'2020-01-25','0','2 Elgar Pass'),(14,449,'2020-01-29','0','0827 Daystar Avenue'),(15,66,'2020-01-29','0','707 Reinke Parkway'),(16,135,'2020-02-01','0','61240 Eggendart Circle'),(17,168,'2020-02-06','0','90 South Way'),(18,171,'2020-02-10','0','33 Fallview Park'),(19,840,'2020-02-13','0','379 International Park'),(20,794,'2020-02-13','0','982 Lakewood Alley'),(21,528,'2020-02-14','0','54 East Alley'),(22,232,'2020-02-15','0','7884 Mifflin Avenue'),(23,14,'2020-02-18','1','626 Eliot Drive'),(24,325,'2020-02-20','0','60 Thierer Point'),(25,415,'2020-02-21','0','08220 Londonderry Circle'),(26,477,'2020-02-21','0','62510 Little Fleur Circle'),(27,769,'2020-02-22','0','0 Summerview Road'),(28,288,'2020-02-24','0','9 Reindahl Hill'),(29,259,'2020-02-25','0','3159 Carioca Terrace'),(30,146,'2020-02-26','0','54 Mesta Center'),(31,732,'2020-02-26','0','8 Crowley Street'),(32,392,'2020-03-04','0','661 Sunnyside Terrace'),(33,48,'2020-03-05','0','01 Village Hill'),(34,359,'2020-03-10','0','852 Sutherland Parkway'),(35,442,'2020-03-17','0','130 Little Fleur Way'),(36,682,'2020-03-19','0','7 Pearson Pass'),(37,875,'2020-03-22','0','8 Esch Circle'),(38,731,'2020-03-22','0','02 Meadow Ridge Junction'),(39,880,'2020-03-23','0','3 Westend Alley'),(40,403,'2020-03-23','0','34873 Arizona Circle'),(41,583,'2020-03-23','0','4 Bellgrove Circle'),(42,191,'2020-04-01','0','5700 Leroy Circle'),(43,537,'2020-04-01','0','4206 Hagan Center'),(44,562,'2020-04-02','0','95265 Merrick Park'),(45,474,'2020-04-07','0','468 Kensington Drive'),(46,879,'2020-04-08','0','854 Johnson Hill'),(47,433,'2020-04-08','0','76 Katie Terrace'),(48,532,'2020-04-09','0','92 Huxley Point'),(49,280,'2020-04-11','0','9217 Kedzie Road'),(50,306,'2020-04-11','0','163 Ridgeway Crossing'),(51,126,'2020-04-12','0','88 Shopko Way'),(52,169,'2020-04-14','0','032 Meadow Valley Alley'),(53,314,'2020-04-15','0','06 Anthes Park'),(54,659,'2020-04-17','0','268 Bluestem Parkway'),(55,138,'2020-04-17','0','02 Dwight Point'),(56,144,'2020-04-18','0','56 Boyd Circle'),(57,748,'2020-04-18','0','362 Cordelia Street'),(58,765,'2020-05-03','0','9999 Moulton Way'),(59,375,'2020-05-03','0','289 Bartelt Crossing'),(60,964,'2020-05-04','0','098 8th Hill'),(61,205,'2020-05-06','0','2 Almo Place'),(62,837,'2020-05-07','0','5 Jackson Terrace'),(63,473,'2020-05-08','0','28762 Grayhawk Point'),(64,91,'2020-05-09','0','18874 Ronald Regan Point'),(65,853,'2020-05-10','0','11 Gateway Road'),(66,804,'2020-05-12','0','631 Crownhardt Lane'),(67,106,'2020-05-15','0','073 Mariners Cove Terrace'),(68,396,'2020-05-17','0','262 Glacier Hill Crossing'),(69,676,'2020-05-18','0','61450 Grover Street'),(70,393,'2020-05-19','0','92112 Kenwood Avenue'),(71,734,'2020-05-20','0','14 Paget Road'),(72,895,'2020-05-20','0','32003 Vera Court'),(73,113,'2020-05-21','0','343 Glacier Hill Court'),(74,866,'2020-05-22','0','36 Vernon Road'),(75,290,'2020-05-23','0','86 Crest Line Drive'),(76,991,'2020-05-25','0','540 Cottonwood Lane'),(77,853,'2020-05-26','0','67 Heffernan Center'),(78,56,'2020-06-06','1','50 Fordem Avenue'),(79,831,'2020-06-06','0','757 Welch Avenue'),(80,799,'2020-06-09','0','71 Londonderry Pass'),(81,245,'2020-06-10','0','88240 High Crossing Street'),(82,682,'2020-06-12','0','39 Colorado Way'),(83,184,'2020-06-13','0','348 Holmberg Street'),(84,39,'2020-06-15','0','7464 Morning Point'),(85,721,'2020-06-17','0','1 Clyde Gallagher Plaza'),(86,784,'2020-06-19','0','879 Ryan Terrace'),(87,471,'2020-06-20','0','69314 Lyons Circle'),(88,393,'2020-06-21','0','9415 Warrior Center'),(89,247,'2020-06-27','0','1 Talisman Hill'),(90,327,'2020-07-01','0','2 Esker Place'),(91,120,'2020-07-03','0','6642 Oakridge Center'),(92,212,'2020-07-05','0','5220 Westridge Center'),(93,81,'2020-07-05','0','0935 Victoria Drive'),(94,473,'2020-07-06','0','81 Petterle Court'),(95,317,'2020-07-08','0','068 Bay Park'),(96,4,'2020-07-08','1','16265 Westridge Place'),(97,633,'2020-07-09','0','1 Hooker Crossing'),(98,462,'2020-07-11','0','5670 Stephen Pass'),(99,106,'2020-07-14','0','206 Cambridge Alley'),(100,616,'2020-07-17','0','138 Stephen Alley'),(101,829,'2020-07-21','0','53 Nelson Hill'),(102,967,'2020-07-22','0','07 Trailsway Place'),(103,357,'2020-07-28','0','4 Truax Street'),(104,990,'2020-08-01','0','935 Amoth Court'),(105,144,'2020-08-01','0','1946 Lawn Pass'),(106,595,'2020-08-02','0','73773 Dayton Park'),(107,313,'2020-08-03','0','298 Randy Road'),(108,895,'2020-08-06','0','76 Aberg Drive'),(109,201,'2020-08-07','0','334 Bluestem Road'),(110,349,'2020-08-07','0','64 Erie Circle'),(111,149,'2020-08-11','0','9 Pepper Wood Crossing'),(112,147,'2020-08-11','0','56313 Brickson Park Road'),(113,526,'2020-08-13','0','6 American Street'),(114,756,'2020-08-15','0','5308 Mcguire Plaza'),(115,114,'2020-08-16','0','985 Continental Crossing'),(116,826,'2020-08-17','0','90005 Bobwhite Alley'),(117,196,'2020-08-17','0','5750 Melrose Junction'),(118,58,'2020-08-19','0','65841 Texas Hill'),(119,596,'2020-08-22','0','74 Derek Junction'),(120,656,'2020-08-24','0','13830 Hermina Place'),(121,854,'2020-08-28','0','897 Marquette Court'),(122,964,'2020-09-03','0','03 Bobwhite Point'),(123,779,'2020-09-04','0','1 1st Alley'),(124,173,'2020-09-05','0','95 Declaration Avenue'),(125,32,'2020-09-08','1','3956 Schurz Alley'),(126,342,'2020-09-12','0','409 Maryland Road'),(127,590,'2020-09-13','0','67464 Charing Cross Street'),(128,993,'2020-09-17','0','4 Magdeline Alley'),(129,98,'2020-09-18','0','6635 Hanson Court'),(130,429,'2020-09-20','0','938 Carey Avenue'),(131,319,'2020-09-20','0','45 Raven Park'),(132,636,'2020-09-21','0','14644 Graceland Lane'),(133,277,'2020-09-21','0','230 Haas Pass'),(134,90,'2020-09-23','1','19233 Loftsgordon Drive'),(135,681,'2020-09-23','0','45 Nelson Plaza'),(136,614,'2020-09-24','0','86 Springview Plaza'),(137,589,'2020-09-26','0','06 Weeping Birch Court'),(138,455,'2020-09-27','0','65060 Troy Crossing'),(139,435,'2020-09-28','0','9686 Erie Road'),(140,331,'2020-09-28','0','771 Clemons Plaza'),(141,9,'2020-10-01','1','685 Bultman Lane'),(142,75,'2020-10-06','0','78229 Merry Drive'),(143,737,'2020-10-07','0','4075 Duke Alley'),(144,106,'2020-10-08','0','35 Elka Avenue'),(145,260,'2020-10-09','0','1 Victoria Park'),(146,231,'2020-10-12','0','76484 High Crossing Alley'),(147,784,'2020-10-12','0','51074 Steensland Way'),(148,381,'2020-10-13','0','7889 Di Loreto Point'),(149,978,'2020-10-15','0','2 Rusk Hill'),(150,573,'2020-10-15','0','298 Hintze Terrace'),(151,151,'2020-10-16','0','237 Brentwood Court'),(152,748,'2020-10-17','0','481 Loomis Drive'),(153,243,'2020-10-17','0','98533 Badeau Drive'),(154,235,'2020-10-19','0','1239 Jay Avenue'),(155,399,'2020-10-22','0','459 Thompson Trail'),(156,774,'2020-10-25','0','53 Anderson Way'),(157,463,'2020-10-28','0','40318 Evergreen Center'),(158,412,'2020-11-01','0','9289 Ilene Hill'),(159,660,'2020-11-02','0','2701 Main Place'),(160,553,'2020-11-03','0','63282 Toban Terrace'),(161,790,'2020-11-07','0','0 Cardinal Terrace'),(162,58,'2020-11-07','0','03195 Londonderry Park'),(163,968,'2020-11-08','0','5 Scoville Place'),(164,771,'2020-11-08','0','51 Melody Hill'),(165,33,'2020-11-08','1','3920 Forest Run Court'),(166,185,'2020-11-10','0','199 Charing Cross Drive'),(167,490,'2020-11-13','0','8 Paget Street'),(168,404,'2020-11-15','0','3 Gina Circle'),(169,366,'2020-11-17','0','21735 Green Place'),(170,542,'2020-11-20','0','002 Mendota Avenue'),(171,11,'2020-11-22','1','59 Thierer Avenue'),(172,73,'2020-11-22','0','75380 Ridgeview Point'),(173,377,'2020-11-22','0','5492 Algoma Center'),(174,44,'2020-11-23','0','024 Scott Hill'),(175,73,'2020-11-24','0','7 Rockefeller Place'),(176,631,'2020-11-27','0','66898 Kings Center'),(177,254,'2020-11-28','0','8 Mendota Hill'),(178,351,'2020-12-01','0','077 Vermont Pass'),(179,235,'2020-12-02','0','3 Little Fleur Trail'),(180,496,'2020-12-02','0','38 Boyd Circle'),(181,56,'2020-12-09','1','52 Armistice Way'),(182,371,'2020-12-11','0','9076 Maple Avenue'),(183,519,'2020-12-12','0','07 Bunker Hill Circle'),(184,522,'2020-12-14','0','68714 Grim Street'),(185,949,'2020-12-16','0','776 Shelley Place'),(186,878,'2020-12-16','0','524 Oakridge Drive'),(187,914,'2020-12-16','0','3314 Grover Drive'),(188,833,'2020-12-17','0','52 Park Meadow Place'),(189,616,'2020-12-18','0','6689 6th Trail'),(190,76,'2020-12-20','0','9618 Oxford Way');
/*!40000 ALTER TABLE `Order` ENABLE KEYS */;
UNLOCK TABLES;

--
-- Table structure for table `OrderDetails`
--

DROP TABLE IF EXISTS `OrderDetails`;
/*!40101 SET @saved_cs_client     = @@character_set_client */;
/*!50503 SET character_set_client = utf8mb4 */;
CREATE TABLE `OrderDetails` (
  `OrderID` int unsigned NOT NULL,
  `ProductID` varchar(10) NOT NULL,
  `OrderQty` int NOT NULL,
  PRIMARY KEY (`OrderID`,`ProductID`),
  KEY `ProductID` (`ProductID`),
  CONSTRAINT `orderdetails_ibfk_1` FOREIGN KEY (`OrderID`) REFERENCES `Order` (`OrderID`) ON DELETE CASCADE ON UPDATE CASCADE,
  CONSTRAINT `orderdetails_ibfk_2` FOREIGN KEY (`ProductID`) REFERENCES `catalogue` (`ProductID`) ON DELETE CASCADE ON UPDATE CASCADE
) ENGINE=InnoDB DEFAULT CHARSET=utf8mb4 COLLATE=utf8mb4_0900_ai_ci;
/*!40101 SET character_set_client = @saved_cs_client */;

--
-- Dumping data for table `OrderDetails`
--

LOCK TABLES `OrderDetails` WRITE;
/*!40000 ALTER TABLE `OrderDetails` DISABLE KEYS */;
INSERT INTO `OrderDetails` VALUES (1,'Bag 9',5),(2,'Bag 1',4),(3,'Bag 5',3),(4,'Bag 2',3),(5,'Bag 4',5),(6,'Bag 9',3),(7,'Bag 13',4),(8,'Bag 2',4),(9,'Bag 2',1),(10,'Bag 8',4),(11,'Bag 5',1),(12,'Bag 9',1),(13,'Bag 13',1),(14,'Bag 12',2),(15,'Bag 2',3),(16,'Bag 10',3),(17,'Bag 5',4),(18,'Bag 11',1),(19,'Bag 11',1),(20,'Bag 12',3),(21,'Bag 12',4),(22,'Bag 5',1),(23,'Bag 8',2),(24,'Bag 2',1),(25,'Bag 8',1),(26,'Bag 4',5),(27,'Bag 13',2),(28,'Bag 5',4),(29,'Bag 7',3),(30,'Bag 1',1),(31,'Bag 7',4),(32,'Bag 9',4),(33,'Bag 6',4),(34,'Bag 9',4),(35,'Bag 6',3),(36,'Bag 13',4),(37,'Bag 6',4),(38,'Bag 13',2),(39,'Bag 5',4),(40,'Bag 3',4),(41,'Bag 10',4),(42,'Bag 13',4),(43,'Bag 7',3),(44,'Bag 14',3),(45,'Bag 1',2),(46,'Bag 2',5),(47,'Bag 11',4),(48,'Bag 3',1),(49,'Bag 9',1),(50,'Bag 8',3),(51,'Bag 8',5),(52,'Bag 4',1),(53,'Bag 4',5),(54,'Bag 11',5),(55,'Bag 3',2),(56,'Bag 8',3),(57,'Bag 2',4),(58,'Bag 1',4),(59,'Bag 6',5),(60,'Bag 9',5),(61,'Bag 8',2),(62,'Bag 5',4),(63,'Bag 9',5),(64,'Bag 7',3),(65,'Bag 5',5),(66,'Bag 8',1),(67,'Bag 2',2),(68,'Bag 11',5),(69,'Bag 1',4),(70,'Bag 14',1),(71,'Bag 7',5),(72,'Bag 13',1),(73,'Bag 1',5),(74,'Bag 9',3),(75,'Bag 2',4),(76,'Bag 10',4),(77,'Bag 13',1),(78,'Bag 3',5),(79,'Bag 9',4),(80,'Bag 6',4),(81,'Bag 11',4),(82,'Bag 2',4),(83,'Bag 12',2),(84,'Bag 3',5),(85,'Bag 8',4),(86,'Bag 6',1),(87,'Bag 14',2),(88,'Bag 9',2),(89,'Bag 5',3),(90,'Bag 2',4),(91,'Bag 6',3),(92,'Bag 10',3),(93,'Bag 10',4),(94,'Bag 6',5),(95,'Bag 10',5),(96,'Bag 11',4),(97,'Bag 6',4),(98,'Bag 14',2),(99,'Bag 4',2),(100,'Bag 1',3),(101,'Bag 14',4),(102,'Bag 13',1),(103,'Bag 5',5),(104,'Bag 2',5),(105,'Bag 3',4),(106,'Bag 14',1),(107,'Bag 14',3),(108,'Bag 5',2),(109,'Bag 9',3),(110,'Bag 12',4),(111,'Bag 5',4),(112,'Bag 2',2),(113,'Bag 13',3),(114,'Bag 1',5),(115,'Bag 6',3),(116,'Bag 12',4),(117,'Bag 11',5),(118,'Bag 4',5),(119,'Bag 11',1),(120,'Bag 9',1),(121,'Bag 14',1),(122,'Bag 8',5),(123,'Bag 11',3),(124,'Bag 10',1),(125,'Bag 7',4),(126,'Bag 14',3),(127,'Bag 8',3),(128,'Bag 6',1),(129,'Bag 3',4),(130,'Bag 7',2),(131,'Bag 9',4),(132,'Bag 12',4),(133,'Bag 13',2),(134,'Bag 8',3),(135,'Bag 11',1),(136,'Bag 1',1),(137,'Bag 11',4),(138,'Bag 11',2),(139,'Bag 6',1),(140,'Bag 11',5),(141,'Bag 5',1),(142,'Bag 8',4),(143,'Bag 1',1),(144,'Bag 3',4),(145,'Bag 7',2),(146,'Bag 11',2),(147,'Bag 3',3),(148,'Bag 2',4),(149,'Bag 6',3),(150,'Bag 6',4),(151,'Bag 2',1),(152,'Bag 1',1),(153,'Bag 8',3),(154,'Bag 7',3),(155,'Bag 11',1),(156,'Bag 11',4),(157,'Bag 14',1),(158,'Bag 1',2),(159,'Bag 9',1),(160,'Bag 11',5),(161,'Bag 11',4),(162,'Bag 1',2),(163,'Bag 12',3),(164,'Bag 11',5),(165,'Bag 8',5),(166,'Bag 5',5),(167,'Bag 12',1),(168,'Bag 14',4),(169,'Bag 12',3),(170,'Bag 4',3),(171,'Bag 8',5),(172,'Bag 1',2),(173,'Bag 8',1),(174,'Bag 9',1),(175,'Bag 9',5),(176,'Bag 9',1),(177,'Bag 13',5),(178,'Bag 11',3),(179,'Bag 4',5),(180,'Bag 4',2),(181,'Bag 4',2),(182,'Bag 11',3),(183,'Bag 14',1),(184,'Bag 8',1),(185,'Bag 1',2),(186,'Bag 1',4),(187,'Bag 4',1),(188,'Bag 11',3),(189,'Bag 3',2),(190,'Bag 11',5);
/*!40000 ALTER TABLE `OrderDetails` ENABLE KEYS */;
UNLOCK TABLES;

--
-- Table structure for table `Region`
--

DROP TABLE IF EXISTS `Region`;
/*!40101 SET @saved_cs_client     = @@character_set_client */;
/*!50503 SET character_set_client = utf8mb4 */;
CREATE TABLE `Region` (
  `Address` varchar(45) NOT NULL,
  `Region` varchar(45) NOT NULL,
  PRIMARY KEY (`Address`)
) ENGINE=InnoDB DEFAULT CHARSET=utf8mb4 COLLATE=utf8mb4_0900_ai_ci;
/*!40101 SET character_set_client = @saved_cs_client */;

--
-- Dumping data for table `Region`
--

LOCK TABLES `Region` WRITE;
/*!40000 ALTER TABLE `Region` DISABLE KEYS */;
INSERT INTO `Region` VALUES ('0 2nd Way','East'),('0 Cardinal Terrace','North'),('0 Debra Plaza','West'),('0 Dexter Hill','North'),('0 Dottie Plaza','North'),('0 Fordem Street','West'),('0 Heffernan Road','South'),('0 Hermina Pass','East'),('0 Lakewood Gardens Drive','West'),('0 Laurel Drive','North'),('0 Mcbride Point','South'),('0 Miller Hill','East'),('0 Monterey Junction','South'),('0 Nevada Street','West'),('0 Oriole Center','West'),('0 Pawling Junction','West'),('0 Pearson Hill','West'),('0 Petterle Point','North'),('0 Sommers Lane','East'),('0 Stone Corner Avenue','West'),('0 Summerview Road','West'),('0 Susan Parkway','North'),('00 Algoma Crossing','North'),('00 Golf Course Point','North'),('00080 Manufacturers Circle','North'),('002 Mendota Avenue','West'),('0039 Loomis Parkway','South'),('004 Bultman Plaza','East'),('0065 Manley Place','South'),('0090 Delaware Point','South'),('01 Village Hill','West'),('01023 Towne Trail','South'),('011 Montana Point','East'),('012 Shasta Point','West'),('01473 Independence Terrace','South'),('0158 Marcy Pass','North'),('016 Oneill Point','East'),('0165 Derek Crossing','West'),('02 Dwight Point','East'),('02 Meadow Ridge Junction','North'),('023 Raven Parkway','West'),('024 Scott Hill','West'),('03 Bobwhite Point','West'),('03 Carey Plaza','West'),('0311 Mariners Cove Drive','North'),('03195 Londonderry Park','North'),('032 Meadow Valley Alley','North'),('0355 Caliangt Trail','South'),('0384 7th Court','South'),('04 Cody Street','South'),('04 Hoffman Park','South'),('04 Hudson Road','West'),('04 Northland Junction','East'),('040 Clemons Point','South'),('040 Sauthoff Alley','South'),('04091 Spohn Alley','South'),('046 Sunfield Center','East'),('047 Maple Way','West'),('04749 Truax Plaza','North'),('0486 Springs Park','East'),('05 Pankratz Avenue','North'),('05 Pine View Junction','East'),('05 Schurz Lane','North'),('05460 Toban Alley','North'),('0552 Magdeline Center','West'),('0552 South Junction','North'),('057 Division Point','South'),('05707 Scofield Place','East'),('05788 Valley Edge Park','East'),('058 Basil Parkway','North'),('05823 Calypso Street','East'),('05846 Bellgrove Terrace','West'),('05865 Commercial Point','West'),('0590 Laurel Avenue','West'),('0591 Hagan Trail','West'),('0599 Hermina Drive','East'),('06 Anthes Park','East'),('06 Cascade Court','East'),('06 Weeping Birch Court','West'),('06022 Forster Park','North'),('0617 Hagan Junction','East'),('062 American Trail','West'),('06328 Manitowish Terrace','North'),('067 Northport Avenue','East'),('068 Bay Park','West'),('0683 Randy Way','West'),('0686 Sugar Avenue','East'),('06952 Pepper Wood Park','East'),('07 Bunker Hill Circle','North'),('07 Clyde Gallagher Point','East'),('07 Prairie Rose Avenue','East'),('07 Trailsway Place','South'),('070 Dexter Alley','East'),('0723 Oak Park','South'),('073 Mariners Cove Terrace','West'),('075 Moose Street','West'),('077 Vermont Pass','South'),('07734 Sauthoff Park','East'),('078 Bowman Street','South'),('07879 Ridgeway Alley','West'),('08 Elka Street','North'),('081 Acker Crossing','North'),('08220 Londonderry Circle','West'),('0827 Daystar Avenue','West'),('08603 New Castle Plaza','West'),('0870 Meadow Valley Way','North'),('088 Farmco Crossing','South'),('08899 Northwestern Parkway','West'),('09 Corry Park','South'),('09 Judy Trail','South'),('09 Service Center','West'),('09 Warbler Place','North'),('090 New Castle Parkway','North'),('0935 Victoria Drive','East'),('0957 Hallows Plaza','East'),('097 Colorado Way','North'),('098 8th Hill','North'),('0994 Cottonwood Avenue','East'),('1 1st Alley','South'),('1 Chinook Center','South'),('1 Clyde Gallagher Plaza','East'),('1 Coolidge Junction','South'),('1 Dapin Trail','East'),('1 Dottie Parkway','West'),('1 Fieldstone Center','North'),('1 Gateway Hill','East'),('1 Hooker Crossing','East'),('1 Judy Plaza','East'),('1 Kennedy Avenue','East'),('1 Kinsman Circle','East'),('1 Oak Valley Lane','East'),('1 Prentice Avenue','North'),('1 Ridgeway Drive','North'),('1 Roxbury Lane','South'),('1 Saint Paul Center','North'),('1 Schmedeman Parkway','North'),('1 Talisman Hill','West'),('1 Talmadge Drive','South'),('1 Victoria Park','West'),('1028 Cherokee Drive','South'),('10528 Bultman Parkway','North'),('10894 Carberry Park','West'),('11 Gateway Road','East'),('11 Heffernan Circle','North'),('11 Kim Trail','East'),('1136 Cordelia Street','South'),('11754 Scott Drive','North'),('118 Swallow Crossing','West'),('1197 Marcy Point','West'),('12 American Trail','West'),('12 Dakota Way','West'),('122 Golf Court','West'),('1239 Jay Avenue','East'),('126 Eggendart Center','South'),('12709 Warner Avenue','North'),('128 Hudson Lane','West'),('12914 Burrows Plaza','East'),('12969 Kropf Hill','West'),('13 Bellgrove Alley','West'),('13 Gateway Way','North'),('13 Namekagon Lane','East'),('13 Shelley Road','South'),('13 Toban Park','West'),('130 Little Fleur Way','East'),('1325 Bowman Junction','South'),('133 Prairieview Alley','South'),('1365 Londonderry Crossing','North'),('138 Stephen Alley','West'),('13830 Hermina Place','South'),('14 Paget Road','North'),('1408 Bonner Crossing','East'),('142 Lakewood Gardens Avenue','North'),('14205 Heath Hill','North'),('1423 Cardinal Place','North'),('143 Welch Court','East'),('14576 Schmedeman Court','West'),('146 Schlimgen Plaza','North'),('14615 Holy Cross Pass','West'),('14644 Graceland Lane','East'),('149 Hoard Drive','East'),('1494 Spenser Crossing','West'),('15 Spohn Trail','West'),('15 Upham Lane','East'),('15209 Oak Trail','East'),('15297 Nevada Street','North'),('15302 Warrior Way','South'),('15349 Mendota Place','South'),('156 Southridge Avenue','West'),('157 Rowland Place','East'),('16 Stang Center','East'),('161 Derek Alley','South'),('1616 Express Point','South'),('1617 Merry Crossing','North'),('16265 Westridge Place','West'),('163 Ridgeway Crossing','West'),('16352 Sachtjen Court','North'),('1665 Morrow Crossing','East'),('1675 Warner Alley','West'),('17 Norway Maple Lane','South'),('1704 Bartelt Road','West'),('1711 Kropf Trail','South'),('1717 Colorado Hill','North'),('1730 Loomis Alley','North'),('1746 Jenna Circle','North'),('1747 Hagan Junction','South'),('1748 Londonderry Alley','North'),('175 Loomis Pass','North'),('1752 Westridge Circle','North'),('1755 Messerschmidt Point','West'),('179 Erie Place','North'),('179 Karstens Way','East'),('17976 Park Meadow Drive','West'),('180 Jenna Alley','East'),('18040 Prentice Drive','North'),('183 Bunker Hill Lane','West'),('183 Roth Trail','South'),('18874 Ronald Regan Point','South'),('189 Dennis Pass','North'),('189 Superior Terrace','South'),('1894 Hauk Place','East'),('19 Ryan Place','East'),('191 Raven Park','North'),('19233 Loftsgordon Drive','South'),('19275 Gerald Court','East'),('1941 Walton Alley','East'),('1946 Lawn Pass','East'),('19469 Almo Plaza','North'),('1969 Coolidge Pass','South'),('1978 Bartelt Pass','East'),('199 Charing Cross Drive','East'),('2 Almo Place','East'),('2 Anzinger Trail','North'),('2 Arizona Way','North'),('2 Blackbird Lane','North'),('2 Bluejay Way','West'),('2 Buena Vista Junction','East'),('2 Coleman Way','West'),('2 Columbus Alley','East'),('2 Crownhardt Avenue','East'),('2 Donald Crossing','West'),('2 Eagle Crest Avenue','North'),('2 Elgar Pass','West'),('2 Elka Circle','West'),('2 Esker Place','East'),('2 Gateway Avenue','West'),('2 Glacier Hill Point','North'),('2 Independence Pass','South'),('2 Judy Circle','South'),('2 Kennedy Way','South'),('2 Kingsford Hill','South'),('2 Lien Park','South'),('2 Ludington Way','East'),('2 Myrtle Place','North'),('2 Nancy Plaza','West'),('2 Nelson Hill','East'),('2 Pine View Park','North'),('2 Redwing Avenue','South'),('2 Riverside Junction','North'),('2 Rusk Hill','West'),('2 Schmedeman Court','South'),('2 Sherman Lane','East'),('2 Victoria Place','North'),('20 Lakewood Place','South'),('206 Cambridge Alley','East'),('21 Graedel Crossing','North'),('212 Mayfield Plaza','West'),('2129 Butterfield Crossing','North'),('21735 Green Place','North'),('219 Twin Pines Terrace','West'),('22 Bowman Point','West'),('22 Dovetail Avenue','South'),('22 Union Crossing','North'),('22179 Menomonie Center','East'),('222 David Hill','North'),('22456 Lunder Court','East'),('225 Lakeland Street','South'),('227 Bultman Terrace','South'),('23 Cascade Pass','South'),('23 Nobel Terrace','North'),('230 Haas Pass','South'),('230 Talisman Hill','East'),('2321 Village Park','South'),('2336 Commercial Hill','South'),('234 Fairfield Crossing','West'),('237 Brentwood Court','West'),('23789 Debs Crossing','West'),('23931 Stoughton Avenue','West'),('24 Bobwhite Center','West'),('24 Crescent Oaks Drive','East'),('24 Holy Cross Hill','East'),('240 Aberg Trail','South'),('24040 Knutson Court','West'),('24209 Darwin Trail','South'),('2435 Fieldstone Junction','East'),('244 Crowley Way','South'),('247 Troy Center','North'),('24875 Dayton Drive','West'),('2498 Elmside Plaza','South'),('25 Aberg Parkway','North'),('25 Park Meadow Trail','North'),('25 Parkside Center','West'),('25335 Jenna Junction','South'),('254 Valley Edge Crossing','West'),('25459 Kedzie Hill','West'),('2556 High Crossing Hill','West'),('25659 Westerfield Way','East'),('25866 Express Road','West'),('26 Arkansas Place','West'),('26 Hooker Junction','East'),('26 Lindbergh Place','East'),('26104 Onsgard Parkway','West'),('262 Glacier Hill Crossing','North'),('2629 Canary Lane','North'),('2644 Bartillon Place','South'),('265 Westerfield Way','East'),('2669 Dryden Court','East'),('2674 Morningstar Point','East'),('268 Bluestem Parkway','North'),('2687 Schlimgen Lane','North'),('27 Dottie Road','North'),('2701 Main Place','South'),('27182 Lindbergh Place','North'),('272 Fulton Pass','West'),('27487 Darwin Point','North'),('275 Eliot Circle','South'),('279 Pepper Wood Alley','North'),('2791 Continental Plaza','West'),('28 Dixon Crossing','South'),('28 Forest Run Drive','South'),('280 Bartillon Parkway','West'),('280 Maywood Way','East'),('280 Village Green Pass','South'),('282 Thackeray Trail','North'),('28762 Grayhawk Point','South'),('289 Bartelt Crossing','South'),('29 Eagan Point','East'),('29 Loftsgordon Junction','East'),('29114 Hudson Point','South'),('29285 Hanover Trail','West'),('29577 Troy Court','West'),('2958 American Plaza','South'),('2959 Huxley Crossing','East'),('2964 Cardinal Plaza','North'),('29761 Clove Street','South'),('298 Hintze Terrace','South'),('298 Randy Road','West'),('3 Clyde Gallagher Drive','East'),('3 Corben Park','South'),('3 Corscot Crossing','North'),('3 Drewry Point','North'),('3 Fairview Way','South'),('3 Florence Place','West'),('3 Gina Circle','West'),('3 Little Fleur Trail','South'),('3 Loeprich Parkway','North'),('3 Mandrake Plaza','North'),('3 Mayer Junction','West'),('3 Maywood Point','South'),('3 Northland Drive','South'),('3 Ridgeview Center','North'),('3 Sage Trail','East'),('3 Straubel Junction','West'),('3 Summerview Park','East'),('3 Tennyson Court','East'),('3 Thompson Drive','West'),('3 Westend Alley','South'),('3 Westport Circle','South'),('30 Chive Court','West'),('30 Fuller Avenue','East'),('3005 Green Court','North'),('301 Cottonwood Park','East'),('30199 Fairfield Road','South'),('303 Drewry Crossing','North'),('305 Morrow Pass','North'),('309 Cody Terrace','East'),('31 Bashford Hill','North'),('31 Johnson Trail','South'),('31 Manitowish Crossing','North'),('31027 Sunfield Place','North'),('311 Southridge Way','East'),('315 Burrows Place','West'),('3154 Haas Pass','South'),('3159 Carioca Terrace','West'),('3161 Eastwood Way','North'),('3167 Autumn Leaf Court','West'),('319 Pine View Way','North'),('32 Aberg Hill','South'),('32 La Follette Center','South'),('32 Schmedeman Terrace','North'),('320 Main Center','West'),('32003 Vera Court','North'),('32287 Mallard Road','North'),('328 Hansons Park','West'),('3290 Blackbird Pass','East'),('33 Fallview Park','East'),('33 Upham Alley','East'),('33 Vernon Alley','West'),('3314 Grover Drive','South'),('332 Kedzie Park','North'),('333 Blue Bill Park Way','North'),('333 Ruskin Street','South'),('3334 Center Point','East'),('33393 Kings Terrace','South'),('334 Bluestem Road','West'),('336 Miller Circle','West'),('34 Acker Plaza','East'),('34 Center Trail','East'),('34 Meadow Ridge Hill','East'),('340 Sunnyside Plaza','North'),('3401 Corscot Crossing','North'),('342 Barnett Crossing','South'),('343 Glacier Hill Court','North'),('343 Jackson Pass','North'),('34302 Hallows Avenue','North'),('3447 Karstens Drive','North'),('345 Hayes Road','West'),('3469 Orin Center','East'),('348 Holmberg Street','South'),('34873 Arizona Circle','East'),('35 Atwood Way','West'),('35 Elka Avenue','North'),('35 Sherman Alley','West'),('35012 Longview Way','West'),('35160 Ilene Park','West'),('3518 Waxwing Plaza','North'),('358 Gerald Lane','East'),('36 Armistice Alley','North'),('36 Birchwood Lane','North'),('36 Bluestem Lane','East'),('36 Cody Center','North'),('36 Cordelia Pass','North'),('36 East Center','North'),('36 Upham Court','South'),('36 Vernon Road','South'),('361 Cambridge Center','South'),('361 Magdeline Hill','West'),('361 Myrtle Lane','West'),('362 Cordelia Street','North'),('3623 Commercial Avenue','West'),('364 Colorado Circle','North'),('36494 Maryland Point','South'),('36644 Morrow Lane','East'),('36747 Fisk Pass','West'),('37 Lotheville Drive','South'),('3722 Loomis Drive','North'),('3735 Emmet Park','East'),('379 International Park','East'),('38 Boyd Circle','North'),('3813 Paget Junction','North'),('3818 Loftsgordon Circle','North'),('384 Crownhardt Circle','East'),('387 Fairview Trail','East'),('38830 Boyd Hill','North'),('39 Bashford Plaza','East'),('39 Cherokee Crossing','West'),('39 Clemons Junction','East'),('39 Colorado Way','West'),('3909 Kenwood Plaza','West'),('3920 Forest Run Court','West'),('3956 Schurz Alley','West'),('39686 Blue Bill Park Place','East'),('3969 Grasskamp Drive','West'),('3979 Logan Plaza','South'),('3985 Cordelia Road','West'),('4 Arizona Plaza','West'),('4 Bellgrove Circle','North'),('4 Bluestem Hill','North'),('4 Cambridge Terrace','South'),('4 Clarendon Hill','West'),('4 Crownhardt Place','North'),('4 Farwell Parkway','West'),('4 Golf Court','North'),('4 Harbort Parkway','West'),('4 Independence Park','West'),('4 Kennedy Crossing','North'),('4 Linden Alley','North'),('4 Logan Pass','East'),('4 Longview Park','South'),('4 Magdeline Alley','North'),('4 Mariners Cove Alley','North'),('4 Monterey Crossing','East'),('4 Morrow Terrace','East'),('4 Nancy Lane','East'),('4 Pine View Lane','North'),('4 Porter Alley','North'),('4 Starling Lane','South'),('4 Swallow Pass','North'),('4 Tony Parkway','South'),('4 Truax Street','West'),('4 Twin Pines Crossing','North'),('4 Westend Pass','East'),('40 Bellgrove Place','West'),('40318 Evergreen Center','North'),('4034 Express Trail','West'),('405 Arapahoe Junction','East'),('405 Hazelcrest Center','North'),('4075 Duke Alley','West'),('409 Maryland Road','North'),('40939 Beilfuss Parkway','North'),('41 Norway Maple Hill','West'),('4109 Harbort Parkway','West'),('4119 Golf Course Circle','North'),('414 Katie Court','North'),('417 Randy Court','West'),('4184 Wayridge Way','West'),('419 Waywood Hill','South'),('42 Manitowish Alley','West'),('420 Service Parkway','South'),('4205 Surrey Park','East'),('4206 Hagan Center','North'),('4220 Summer Ridge Hill','East'),('42275 Brown Center','West'),('4249 Northport Junction','South'),('42519 Corry Drive','East'),('42545 Loeprich Lane','West'),('42570 Holmberg Way','East'),('426 Heffernan Circle','East'),('4278 Browning Plaza','South'),('431 Buhler Place','North'),('434 Gina Circle','North'),('4342 Drewry Junction','West'),('435 Clarendon Park','East'),('4385 Jay Lane','East'),('43879 Nova Terrace','North'),('44 Anniversary Crossing','West'),('44 Farwell Lane','South'),('44 Washington Road','North'),('44026 Michigan Point','East'),('441 Derek Alley','East'),('44322 Haas Street','East'),('449 Merchant Alley','South'),('44986 Claremont Place','East'),('45 Leroy Street','West'),('45 Nelson Plaza','South'),('45 Raven Park','North'),('45 Towne Lane','West'),('452 Harper Park','South'),('45250 Helena Avenue','South'),('45317 Badeau Plaza','North'),('4537 7th Place','West'),('455 American Way','North'),('456 Hollow Ridge Court','East'),('4571 Upham Hill','North'),('45833 John Wall Avenue','West'),('459 Thompson Trail','North'),('46 Garrison Way','East'),('46 Hudson Place','North'),('46 Rockefeller Way','West'),('46 Stang Avenue','East'),('461 Maryland Trail','East'),('46444 Shopko Road','North'),('4657 Di Loreto Junction','South'),('466 Meadow Valley Street','South'),('468 Kensington Drive','North'),('47 Graedel Street','East'),('472 Summer Ridge Street','North'),('4734 Mendota Street','West'),('4737 Surrey Center','South'),('474 Holmberg Street','North'),('474 Merry Street','West'),('475 Roxbury Terrace','East'),('47787 Mayfield Street','South'),('47836 Utah Junction','South'),('479 La Follette Drive','North'),('479 Vera Circle','North'),('47966 Surrey Pass','West'),('4799 Dennis Junction','South'),('48 Bashford Terrace','North'),('48 Del Sol Circle','East'),('480 Springs Trail','East'),('481 Loomis Drive','East'),('483 Forest Lane','West'),('483 Hagan Plaza','East'),('4838 Bonner Hill','West'),('48450 Village Lane','East'),('486 Ridge Oak Point','West'),('48863 Springs Junction','East'),('48962 Comanche Way','South'),('49 Old Gate Parkway','East'),('49064 Loeprich Pass','South'),('4938 Basil Pass','South'),('4940 Homewood Junction','North'),('5 American Crossing','South'),('5 Banding Plaza','South'),('5 Bluejay Point','South'),('5 Cambridge Way','East'),('5 Cherokee Court','West'),('5 Clove Terrace','North'),('5 Elka Avenue','West'),('5 Garrison Alley','East'),('5 Graedel Lane','West'),('5 Hermina Junction','North'),('5 Hermina Plaza','South'),('5 Hintze Trail','West'),('5 Hovde Avenue','South'),('5 Jackson Terrace','North'),('5 Mayer Avenue','North'),('5 Melrose Pass','South'),('5 Old Gate Road','North'),('5 Pierstorff Way','North'),('5 Schiller Terrace','North'),('5 School Court','South'),('5 Scoville Place','South'),('5 Sundown Hill','East'),('5 Tennessee Trail','North'),('50 Fordem Avenue','West'),('50 Golf View Hill','North'),('501 Express Pass','South'),('50108 Iowa Pass','East'),('50407 Center Hill','East'),('5042 Crownhardt Circle','West'),('50558 Reindahl Park','South'),('50695 Pepper Wood Hill','South'),('508 Golf Plaza','South'),('51 Melody Hill','North'),('51074 Steensland Way','East'),('5126 Helena Terrace','North'),('5136 Menomonie Terrace','North'),('5157 East Parkway','North'),('51597 Portage Hill','South'),('5161 Westridge Crossing','East'),('5196 Cascade Place','North'),('52 Armistice Way','North'),('52 Eliot Street','South'),('52 Florence Alley','South'),('52 Kingsford Plaza','East'),('52 Park Meadow Place','West'),('5207 Helena Pass','North'),('5220 Westridge Center','West'),('524 Maryland Circle','South'),('524 Oakridge Drive','East'),('525 Spenser Center','East'),('529 Hermina Way','West'),('53 Anderson Way','North'),('53 Namekagon Crossing','West'),('53 Nelson Hill','East'),('53 Warner Way','East'),('530 Arapahoe Plaza','South'),('530 Hanover Avenue','West'),('530 Talisman Place','South'),('5308 Mcguire Plaza','West'),('53631 Northfield Circle','South'),('53748 Nelson Avenue','North'),('54 East Alley','North'),('54 Mesta Center','South'),('54 Packers Junction','East'),('540 Cottonwood Lane','South'),('540 Waywood Place','South'),('542 Spohn Circle','West'),('54441 Hazelcrest Hill','South'),('54450 Schurz Road','East'),('546 Hanover Plaza','South'),('548 Petterle Court','West'),('5492 Algoma Center','South'),('55 Dennis Drive','South'),('55 Hermina Avenue','West'),('55 Vidon Parkway','South'),('55290 Sherman Place','East'),('5557 Myrtle Center','North'),('5571 Northridge Way','North'),('55750 Briar Crest Avenue','West'),('56 Boyd Circle','East'),('56 Charing Cross Street','East'),('561 Bobwhite Circle','East'),('56313 Brickson Park Road','North'),('5641 Heffernan Plaza','North'),('5670 Stephen Pass','West'),('5677 Lake View Point','East'),('5700 Leroy Circle','South'),('5718 Buhler Lane','West'),('573 Orin Alley','West'),('5744 Garrison Circle','East'),('5747 Judy Trail','North'),('5750 Melrose Junction','East'),('57549 Sachtjen Plaza','East'),('577 Bashford Hill','North'),('577 Melody Terrace','West'),('577 Messerschmidt Way','East'),('5779 Vidon Park','East'),('5780 Jana Alley','West'),('5797 Pawling Parkway','East'),('58 Bayside Parkway','West'),('58 Becker Drive','North'),('58 Carioca Park','South'),('58 Elmside Plaza','South'),('583 Algoma Lane','North'),('58387 Green Ridge Circle','South'),('586 Carberry Trail','North'),('58770 Annamark Junction','South'),('59 Holy Cross Place','East'),('59 Kennedy Place','West'),('59 Thierer Avenue','East'),('591 Armistice Lane','East'),('5911 Pine View Trail','West'),('5914 Nancy Court','North'),('5934 Spaight Road','North'),('5937 Meadow Valley Park','North'),('595 Cherokee Court','North'),('599 Commercial Drive','South'),('6 American Street','South'),('6 Armistice Pass','East'),('6 Atwood Junction','South'),('6 Briar Crest Lane','East'),('6 Cherokee Park','West'),('6 Cottonwood Point','West'),('6 Dayton Drive','East'),('6 Delladonna Court','East'),('6 Dovetail Lane','West'),('6 Drewry Place','South'),('6 Johnson Court','South'),('6 Melby Way','West'),('6 Messerschmidt Drive','East'),('6 Mockingbird Crossing','South'),('6 Pennsylvania Road','East'),('6 Prairie Rose Alley','West'),('6 Schlimgen Lane','West'),('6 Sugar Crossing','North'),('6 Susan Park','North'),('6 Thompson Terrace','South'),('6 Vera Plaza','South'),('6 Wayridge Pass','North'),('60 Gulseth Parkway','West'),('60 Loftsgordon Trail','North'),('60 Thierer Point','South'),('60343 Myrtle Street','West'),('604 Warner Crossing','South'),('6050 Laurel Pass','North'),('60793 Randy Park','East'),('61 Anniversary Pass','North'),('61 Packers Junction','West'),('61 Stephen Street','West'),('61233 Shelley Trail','West'),('61240 Eggendart Circle','North'),('6140 Cambridge Circle','West'),('61424 Express Junction','North'),('61450 Grover Street','North'),('6146 Bayside Way','North'),('617 Brickson Park Junction','West'),('617 Vera Plaza','West'),('61761 Green Court','East'),('61847 Loeprich Court','West'),('61886 Goodland Place','West'),('619 Corry Junction','South'),('61912 Hanover Street','East'),('62 Boyd Crossing','North'),('6202 Walton Way','South'),('62172 Jackson Center','South'),('62192 Sugar Hill','North'),('6243 Bunting Trail','East'),('62510 Little Fleur Circle','North'),('626 Eliot Drive','South'),('62649 Pine View Center','West'),('63 Bay Pass','East'),('63 Summer Ridge Circle','South'),('631 Crownhardt Lane','South'),('632 Anthes Park','South'),('63228 Green Ridge Point','West'),('63282 Toban Terrace','East'),('63292 Mifflin Parkway','South'),('634 Hovde Trail','North'),('63768 East Circle','South'),('64 Erie Circle','East'),('6402 Alpine Road','East'),('643 Buell Court','East'),('643 Russell Crossing','North'),('64359 American Alley','East'),('6447 Memorial Way','West'),('6448 Darwin Trail','South'),('64573 Welch Terrace','East'),('64624 Alpine Park','West'),('64848 Graedel Crossing','South'),('64897 Larry Alley','North'),('65 Nancy Road','South'),('65 Spenser Parkway','North'),('65060 Troy Crossing','South'),('65146 7th Junction','East'),('655 Mallard Junction','East'),('65558 Loeprich Point','South'),('656 Esker Plaza','West'),('656 Forest Run Parkway','East'),('656 Southridge Alley','South'),('65841 Texas Hill','East'),('6587 Forest Court','West'),('659 Commercial Way','South'),('65963 Troy Point','West'),('66 Del Mar Alley','East'),('66 Northview Circle','East'),('66 Rutledge Plaza','North'),('661 Sunnyside Terrace','North'),('66136 Eastlawn Drive','East'),('66216 Monterey Way','West'),('6622 Gerald Circle','North'),('66248 Gateway Junction','West'),('66257 Manley Circle','South'),('663 Scoville Circle','West'),('6635 Hanson Court','North'),('664 Corscot Crossing','East'),('6642 Oakridge Center','East'),('666 Old Shore Parkway','East'),('6661 Manitowish Trail','East'),('668 Eastwood Point','West'),('6689 6th Trail','North'),('66898 Kings Center','North'),('67 Blackbird Lane','West'),('67 Esch Plaza','North'),('67 Heffernan Center','West'),('67 Surrey Park','South'),('670 Lindbergh Park','East'),('67026 Jana Street','West'),('671 Manufacturers Drive','East'),('67310 Vahlen Lane','West'),('67464 Charing Cross Street','North'),('675 Bluejay Point','North'),('675 Grayhawk Park','South'),('67582 Jana Junction','East'),('68 Dunning Point','West'),('68 Grover Crossing','West'),('68 Loomis Alley','East'),('6821 Brentwood Alley','East'),('685 Bultman Lane','West'),('68514 Starling Hill','East'),('6856 Village Alley','North'),('68637 Colorado Park','South'),('68714 Grim Street','North'),('6880 Lyons Junction','East'),('6895 Waywood Center','South'),('69 Mariners Cove Way','South'),('69 Stoughton Court','East'),('690 Sunfield Parkway','East'),('69140 2nd Center','West'),('69164 Mcguire Junction','North'),('69314 Lyons Circle','West'),('69373 Moulton Crossing','West'),('6980 Haas Road','East'),('6993 Messerschmidt Lane','East'),('7 Browning Lane','North'),('7 Canary Hill','South'),('7 Corben Road','North'),('7 Del Sol Terrace','East'),('7 Dixon Pass','East'),('7 Erie Court','South'),('7 High Crossing Court','North'),('7 Hintze Point','South'),('7 Kennedy Crossing','East'),('7 Marcy Center','South'),('7 Merchant Avenue','West'),('7 Michigan Hill','West'),('7 Morrow Trail','West'),('7 Old Shore Place','North'),('7 Oneill Place','South'),('7 Pearson Pass','West'),('7 Rockefeller Place','West'),('7 School Road','West'),('7 Sutherland Crossing','South'),('7 Talmadge Terrace','North'),('7 Toban Street','North'),('70 Commercial Road','North'),('70 Ludington Junction','East'),('70167 Monterey Crossing','North'),('702 Continental Terrace','East'),('7061 Dorton Junction','West'),('707 Reinke Parkway','North'),('71 Buell Park','East'),('71 Graceland Alley','South'),('71 Londonderry Pass','East'),('71039 Lotheville Drive','East'),('71161 Ilene Junction','South'),('713 Luster Road','West'),('7142 Blaine Circle','East'),('7154 Anderson Court','East'),('71596 Grim Center','East'),('716 Northland Street','West'),('718 Mandrake Point','East'),('71873 Welch Center','North'),('72 Bartillon Avenue','South'),('72 Gale Hill','West'),('72 Linden Avenue','South'),('72 Parkside Way','South'),('72 Tomscot Way','West'),('72031 Erie Crossing','East'),('72191 Bowman Trail','West'),('722 Hazelcrest Alley','South'),('7235 Hazelcrest Lane','South'),('72467 Blue Bill Park Pass','East'),('72510 Scofield Way','West'),('726 Delladonna Lane','South'),('7264 Sunfield Trail','North'),('728 Michigan Junction','South'),('72985 Burning Wood Pass','East'),('7349 Burning Wood Trail','South'),('73505 Morrow Hill','North'),('7363 Shopko Trail','East'),('73773 Dayton Park','North'),('74 Cardinal Pass','West'),('74 Derek Junction','South'),('74 Fisk Street','West'),('74 Nevada Court','North'),('740 Magdeline Place','West'),('74062 Scofield Terrace','North'),('7416 Kensington Hill','South'),('743 8th Trail','West'),('7430 Brentwood Way','East'),('744 Lunder Pass','South'),('7441 Steensland Parkway','East'),('746 Duke Hill','North'),('7464 Morning Point','North'),('7478 Oak Valley Place','West'),('74877 Larry Road','West'),('74879 Del Sol Alley','South'),('750 Bellgrove Parkway','West'),('752 Roth Drive','South'),('753 Forest Dale Drive','West'),('75380 Ridgeview Point','East'),('755 Eagan Center','West'),('75528 Magdeline Point','South'),('756 Wayridge Center','West'),('757 Welch Avenue','South'),('7575 Sycamore Crossing','West'),('76 Aberg Drive','West'),('76 Clarendon Court','East'),('76 Katie Terrace','East'),('76 Springs Circle','West'),('761 Linden Drive','North'),('761 Tony Drive','North'),('7643 Hanson Center','East'),('76484 High Crossing Alley','South'),('766 Jana Hill','South'),('76655 Columbus Court','East'),('76664 Delaware Pass','East'),('767 Kenwood Park','South'),('769 Rieder Way','West'),('77 Bellgrove Parkway','North'),('77 Burning Wood Place','West'),('77 Hermina Alley','East'),('77 Little Fleur Circle','East'),('77 Tennyson Plaza','West'),('771 Clemons Plaza','East'),('7734 Jackson Court','West'),('7738 Brentwood Alley','East'),('77454 Cardinal Circle','North'),('776 Shelley Place','North'),('7772 Forest Run Avenue','West'),('77785 Nevada Center','West'),('778 8th Street','West'),('77879 Vermont Lane','North'),('78 Fairfield Court','South'),('781 Delaware Plaza','North'),('78229 Merry Drive','West'),('7832 Sycamore Lane','West'),('7853 6th Trail','South'),('78551 Raven Way','West'),('7872 Superior Point','West'),('7874 Charing Cross Junction','North'),('788 Mallard Plaza','South'),('7884 Mifflin Avenue','East'),('7889 Di Loreto Point','South'),('7890 Dawn Way','East'),('7893 Blaine Center','East'),('79 Rusk Place','East'),('79 Union Way','North'),('792 Fisk Terrace','South'),('795 Crownhardt Way','North'),('7974 Quincy Avenue','North'),('798 Cardinal Center','North'),('8 Almo Circle','North'),('8 Badeau Crossing','West'),('8 Corben Street','East'),('8 Crowley Street','West'),('8 Dahle Plaza','North'),('8 Dryden Center','North'),('8 Esch Circle','North'),('8 Fallview Place','North'),('8 Hoepker Plaza','North'),('8 Holy Cross Pass','West'),('8 Hovde Terrace','West'),('8 Loeprich Terrace','East'),('8 Logan Park','West'),('8 Meadow Ridge Hill','South'),('8 Mendota Hill','North'),('8 Paget Street','South'),('8 Parkside Crossing','South'),('8 Pepper Wood Hill','East'),('8 Redwing Road','South'),('8 Roxbury Alley','West'),('8 Sundown Road','South'),('8 Superior Avenue','North'),('8 Warrior Alley','East'),('80 Troy Park','North'),('8025 Hauk Street','South'),('803 Scoville Center','South'),('80453 Mifflin Center','East'),('8048 Merry Court','South'),('806 Oriole Crossing','East'),('80755 Esch Point','West'),('80758 Scott Park','South'),('80845 Shasta Road','North'),('80848 Jenna Crossing','North'),('81 Almo Avenue','East'),('81 Petterle Court','North'),('810 Fisk Trail','East'),('81118 Dryden Way','North'),('8121 Colorado Terrace','West'),('814 Chive Way','North'),('8145 Anderson Hill','North'),('81612 Marquette Street','South'),('817 Magdeline Plaza','West'),('8187 Pine View Hill','North'),('81910 American Ash Alley','East'),('82 1st Court','North'),('82 Becker Court','North'),('82 Emmet Hill','West'),('82 Swallow Junction','West'),('82 Union Plaza','East'),('820 Darwin Pass','West'),('820 Eagan Road','South'),('82021 Brentwood Lane','North'),('82380 Delladonna Pass','South'),('8241 Mesta Center','West'),('825 Oxford Road','East'),('825 Stephen Drive','West'),('825 Summer Ridge Center','North'),('8275 Claremont Parkway','South'),('8279 Prairie Rose Park','South'),('8293 Quincy Crossing','South'),('832 Katie Road','West'),('83230 Alpine Alley','South'),('8348 Eagan Road','East'),('83524 Kenwood Alley','North'),('8361 Sachs Trail','North'),('83775 Valley Edge Trail','East'),('8402 Golf Course Drive','East'),('84088 Marquette Park','West'),('84211 Banding Place','South'),('843 Village Green Crossing','North'),('846 Monica Avenue','East'),('8492 Coleman Road','North'),('8495 American Ash Crossing','East'),('84970 Marcy Hill','West'),('85 Mosinee Way','West'),('85 Summer Ridge Park','North'),('8502 Memorial Road','North'),('85092 Chinook Lane','North'),('852 Sutherland Parkway','West'),('854 Johnson Hill','South'),('8553 Northridge Alley','East'),('8557 Derek Hill','East'),('85600 School Plaza','South'),('85868 Glacier Hill Court','West'),('8589 Springs Trail','South'),('86 Crest Line Drive','South'),('86 Crownhardt Junction','West'),('86 Springview Plaza','West'),('863 Hanover Plaza','East'),('865 Fairview Center','East'),('8686 Farwell Center','South'),('87 Gateway Place','North'),('87 Twin Pines Parkway','North'),('870 Oakridge Court','East'),('872 Lindbergh Pass','South'),('8722 Parkside Way','West'),('87482 Old Shore Crossing','West'),('8751 Moland Park','East'),('87514 Muir Plaza','North'),('87520 Columbus Junction','West'),('8760 Doe Crossing Avenue','North'),('879 Ryan Terrace','West'),('88 Hooker Drive','North'),('88 Pepper Wood Way','East'),('88 Prairie Rose Crossing','West'),('88 Shopko Way','North'),('88 Towne Plaza','South'),('8805 Ridgeway Point','West'),('88240 High Crossing Street','South'),('88542 Susan Circle','West'),('8859 Division Avenue','North'),('89480 Monica Plaza','West'),('89536 Bultman Circle','East'),('8958 Village Parkway','East'),('896 Annamark Plaza','South'),('897 Marquette Court','East'),('8993 Porter Parkway','North'),('9 3rd Road','East'),('9 Bartillon Street','North'),('9 Bay Park','West'),('9 Birchwood Center','East'),('9 Bowman Park','South'),('9 Cambridge Place','East'),('9 Duke Trail','South'),('9 Fuller Place','South'),('9 Gerald Street','West'),('9 Gina Lane','East'),('9 Gulseth Plaza','South'),('9 Huxley Crossing','East'),('9 Judy Junction','East'),('9 Kenwood Way','West'),('9 Lake View Plaza','South'),('9 Lillian Hill','South'),('9 Meadow Ridge Park','South'),('9 Menomonie Street','West'),('9 Morning Center','East'),('9 Pankratz Way','North'),('9 Park Meadow Avenue','South'),('9 Park Meadow Terrace','East'),('9 Pepper Wood Crossing','East'),('9 Quincy Center','North'),('9 Reindahl Hill','North'),('9 Ridge Oak Lane','East'),('9 Rutledge Pass','West'),('9 Summerview Terrace','South'),('9 Summit Court','West'),('9 Thompson Alley','South'),('90 Commercial Circle','South'),('90 Packers Alley','East'),('90 South Way','West'),('90005 Bobwhite Alley','East'),('9019 Randy Trail','West'),('905 Cambridge Hill','North'),('90554 Dapin Plaza','West'),('90707 Morning Point','South'),('90734 Chinook Hill','North'),('9076 Maple Avenue','North'),('91 Bluejay Alley','West'),('91 Delladonna Circle','West'),('91 Saint Paul Trail','East'),('9145 Sunbrook Trail','West'),('91539 Nobel Court','East'),('91684 Lerdahl Trail','South'),('92 Huxley Point','West'),('92 Michigan Pass','North'),('92 Vera Pass','East'),('920 5th Way','West'),('9200 Ronald Regan Center','South'),('92112 Kenwood Avenue','East'),('9217 Kedzie Road','West'),('9218 Elmside Circle','North'),('922 Del Mar Way','North'),('924 Kennedy Road','South'),('92517 Menomonie Avenue','West'),('92584 3rd Park','East'),('928 Hauk Alley','East'),('9282 2nd Drive','East'),('9289 Ilene Hill','West'),('930 Mccormick Junction','North'),('9326 Melvin Crossing','West'),('934 Corscot Lane','West'),('935 Amoth Court','East'),('937 Nancy Lane','West'),('938 Carey Avenue','South'),('9415 Warrior Center','North'),('943 Twin Pines Terrace','East'),('945 Onsgard Park','West'),('95 Declaration Avenue','West'),('95 Esker Place','West'),('95 Fair Oaks Park','East'),('950 Crowley Alley','South'),('95265 Merrick Park','East'),('9541 Lunder Street','South'),('9551 Moose Circle','West'),('958 Meadow Valley Terrace','East'),('959 Roth Crossing','East'),('9590 Katie Trail','South'),('961 Anderson Terrace','East'),('9618 Oxford Way','East'),('96248 Forster Street','East'),('96332 Sunfield Junction','North'),('96597 Superior Road','South'),('9660 East Plaza','West'),('96753 Eagle Crest Junction','East'),('96807 Huxley Park','East'),('9686 Erie Road','South'),('96916 Magdeline Street','North'),('97 Upham Plaza','South'),('97 Vermont Avenue','South'),('97069 Hoffman Road','South'),('97207 Westport Court','East'),('976 Laurel Junction','West'),('9762 Riverside Road','East'),('9773 Hazelcrest Plaza','West'),('97772 Petterle Avenue','North'),('978 Debs Park','South'),('97893 Ramsey Park','South'),('98 Shopko Crossing','North'),('98 Sugar Avenue','West'),('9819 Village Green Place','West'),('982 Lakewood Alley','North'),('982 Spohn Hill','South'),('983 Spaight Alley','South'),('9834 Orin Hill','North'),('984 Brown Court','South'),('985 Continental Crossing','North'),('98533 Badeau Drive','North'),('9859 Lyons Parkway','West'),('98846 Sycamore Trail','South'),('9886 Westridge Junction','South'),('98979 Arkansas Point','North'),('9899 Londonderry Crossing','West'),('990 Mayfield Alley','North'),('991 6th Court','South'),('9920 Montana Terrace','West'),('99242 Spohn Alley','East'),('99293 Mosinee Street','North'),('993 Algoma Court','North'),('9937 Tony Place','East'),('995 Everett Junction','South'),('9955 Nelson Street','South'),('997 Monterey Junction','South'),('99873 Tennessee Circle','North'),('9999 Moulton Way','East');
/*!40000 ALTER TABLE `Region` ENABLE KEYS */;
UNLOCK TABLES;

--
-- Table structure for table `Seller`
--

DROP TABLE IF EXISTS `Seller`;
/*!40101 SET @saved_cs_client     = @@character_set_client */;
/*!50503 SET character_set_client = utf8mb4 */;
CREATE TABLE `Seller` (
  `Seller_ID` int NOT NULL AUTO_INCREMENT,
  `Seller_Name` varchar(45) NOT NULL,
  `Seller_Address` varchar(45) NOT NULL,
  `ProductID` varchar(10) NOT NULL,
  `InstockQty` int NOT NULL,
  PRIMARY KEY (`Seller_ID`),
  KEY `ProductID_idx` (`ProductID`),
  CONSTRAINT `ProductID` FOREIGN KEY (`ProductID`) REFERENCES `catalogue` (`ProductID`) ON DELETE CASCADE ON UPDATE CASCADE
) ENGINE=InnoDB AUTO_INCREMENT=15 DEFAULT CHARSET=utf8mb4 COLLATE=utf8mb4_0900_ai_ci;
/*!40101 SET character_set_client = @saved_cs_client */;

--
-- Dumping data for table `Seller`
--

LOCK TABLES `Seller` WRITE;
/*!40000 ALTER TABLE `Seller` DISABLE KEYS */;
INSERT INTO `Seller` VALUES (1,'Rogahn, Bahringer and Gibson','7 Talmadge Terrace','Bag 1',398),(2,'McGlynn, Larkin and Huel','4 Crownhardt Place','Bag 2',155),(3,'O\'Kon, Hayes and Greenfelder','057 Division Point','Bag 3',107),(4,'Kiehn LLC','3979 Logan Plaza','Bag 4',144),(5,'Schaefer Group','2 Ludington Way','Bag 5',108),(6,'Weber, Cassin and Veum','930 Mccormick Junction','Bag 6',330),(7,'Hessel and Sons','61 Packers Junction','Bag 7',198),(8,'Boehm and Sons','5 American Crossing','Bag 8',147),(9,'Tremblay-Klocko','95 Esker Place','Bag 9',108),(10,'Reilly Group','9955 Nelson Street','Bag 10',374),(11,'Nicolas, Jerde and Funk','88 Hooker Drive','Bag 11',104),(12,'Hudson, Murazik and Cummerata','530 Talisman Place','Bag 12',205),(13,'Smitham and Sons','542 Spohn Circle','Bag 13',213),(14,'Turner LLC','6 Mockingbird Crossing','Bag 14',345);
/*!40000 ALTER TABLE `Seller` ENABLE KEYS */;
UNLOCK TABLES;
/*!40103 SET TIME_ZONE=@OLD_TIME_ZONE */;

/*!40101 SET SQL_MODE=@OLD_SQL_MODE */;
/*!40014 SET FOREIGN_KEY_CHECKS=@OLD_FOREIGN_KEY_CHECKS */;
/*!40014 SET UNIQUE_CHECKS=@OLD_UNIQUE_CHECKS */;
/*!40101 SET CHARACTER_SET_CLIENT=@OLD_CHARACTER_SET_CLIENT */;
/*!40101 SET CHARACTER_SET_RESULTS=@OLD_CHARACTER_SET_RESULTS */;
/*!40101 SET COLLATION_CONNECTION=@OLD_COLLATION_CONNECTION */;
/*!40111 SET SQL_NOTES=@OLD_SQL_NOTES */;

-- Dump completed on 2021-12-07 18:43:17
